batch_group,batch_reason,extraction_priority,publisher_or_brand_guess,authority_level_guess,document_kind_guess,equipment_scope_guess,page_count,text_quality,recommended_extraction_mode,size_mb,path
A_standard_authority_first,official/high-authority references; use section/chapter mode and avoid split duplicates,P0_run_first,手册与标准,industry_standard_or_reference,standard_guideline_control_sequences,general_hvac,292,good_text,section_context_or_chapter_batch,10.4,/Volumes/TSD302/19.暖通论文/英文文献/手册与标准/HVAC系统高性能运行序列指南.pdf
A_standard_authority_first,official/high-authority references; use section/chapter mode and avoid split duplicates,P0_official_reference,ASHRAE,industry_standard_or_reference,standard_handbook,general_hvac,,unknown,doc_level_or_section_context,35.14,/Volumes/TSD302/19.暖通论文/英文文献/手册与标准/ASHRAE手册2019.pdf
A_standard_authority_first,official/high-authority references; use section/chapter mode and avoid split duplicates,P0_official_reference,ASHRAE,industry_standard_or_reference,standard_handbook,general_hvac,19,good_text,doc_level_or_section_context,3.51,/Volumes/TSD302/19.暖通论文/英文文献/手册与标准/ASHRAE 211能源审计最佳实践.pdf
A_standard_authority_first,official/high-authority references; use section/chapter mode and avoid split duplicates,P0_official_reference,ASHRAE,industry_standard_or_reference,standard_handbook,general_hvac,401,good_text,section_context_or_chapter_batch,6.58,/Volumes/TSD302/19.暖通论文/英文文献/手册与标准/空调 系统 设计 手册 Ashrae 特别 出版物.pdf
A_standard_authority_first,official/high-authority references; use section/chapter mode and avoid split duplicates,P0_official_reference,ASHRAE,industry_standard_or_reference,standard_handbook,general_hvac,494,good_text,section_context_or_chapter_batch,14.16,/Volumes/TSD302/19.暖通论文/英文文献/手册与标准/ASHRAE绿色建筑指南.pdf
A_standard_authority_first,official/high-authority references; use section/chapter mode and avoid split duplicates,P0_official_reference,ASHRAE,industry_standard_or_reference,standard_handbook,general_hvac,986,good_text,section_context_or_chapter_batch,20.89,/Volumes/TSD302/19.暖通论文/英文文献/手册与标准/ASHRAE手册 - HVAC系统和设备篇.pdf
A_standard_authority_first,official/high-authority references; use section/chapter mode and avoid split duplicates,P0_official_reference,ASHRAE,industry_standard_or_reference,standard_handbook,general_hvac,1006,good_text,section_context_or_chapter_batch,64.06,/Volumes/TSD302/19.暖通论文/英文文献/手册与标准/ASHRAE手册2024.pdf
A_standard_authority_first,official/high-authority references; use section/chapter mode and avoid split duplicates,P0_official_reference,ASHRAE,industry_standard_or_reference,standard_handbook,general_hvac,1014,good_text,section_context_or_chapter_batch,82.82,/Volumes/TSD302/19.暖通论文/英文文献/手册与标准/ASHRAE手册 - 基础理论篇.pdf
B_oem_manual_text_first,text-extractable OEM operation/service/technical manuals; catalogs excluded,P1_batch_extract,McQuay/Daikin,oem_manual_or_vendor_doc,fault_code_reference,"controller,fault_code",31,good_text,doc_level_single_call,0.46,/Volumes/TSD302/pan/a00238/06、麦克维尔/技术手册/【麦克维尔】MACD模块机组故障分析与排除技术手册（31页）-.pdf
B_oem_manual_text_first,text-extractable OEM operation/service/technical manuals; catalogs excluded,P1_batch_extract,Haier,oem_manual_or_vendor_doc,fault_code_reference,"vrf_vrv,fault_code",111,good_text,doc_level_single_call,2.12,/Volumes/TSD302/pan/a00238/08、海尔中央空调/海尔技术手册/（制冷百家）海尔商用故障代码手册-制冷百家网.pdf
B_oem_manual_text_first,text-extractable OEM operation/service/technical manuals; catalogs excluded,P1_batch_extract,Gree,oem_manual_or_vendor_doc,technical_manual,air_cooled_chiller_heat_pump,15,good_text,doc_level_single_call,1.66,/Volumes/TSD302/pan/a00238/02、格力/技术手册/【格力】中央空调 MB 系列模块式风冷冷（热）水机组手册-.pdf
B_oem_manual_text_first,text-extractable OEM operation/service/technical manuals; catalogs excluded,P1_batch_extract,Kingair,oem_manual_or_vendor_doc,controller_manual,"air_cooled_chiller_heat_pump,controller",17,good_text,doc_level_single_call,1.52,/Volumes/TSD302/pan/a00238/21、国祥/【国祥】模块机控制器规格书.pdf
B_oem_manual_text_first,text-extractable OEM operation/service/technical manuals; catalogs excluded,P1_batch_extract,Gree,oem_manual_or_vendor_doc,technical_manual,air_cooled_chiller_heat_pump,18,good_text,doc_level_single_call,2.8,/Volumes/TSD302/pan/a00238/02、格力/技术手册/【格力】模块风冷冷水机组控制系统手册-.pdf
B_oem_manual_text_first,text-extractable OEM operation/service/technical manuals; catalogs excluded,P1_batch_extract,Mitsubishi Heavy Industries,oem_manual_or_vendor_doc,controller_manual,controller,20,good_text,doc_level_single_call,12.55,/Volumes/TSD302/pan/a00238/07、三菱重工/技术手册/【三菱重工】线控器用户使用说明手册（20页）.pdf
B_oem_manual_text_first,text-extractable OEM operation/service/technical manuals; catalogs excluded,P1_batch_extract,TICA,oem_manual_or_vendor_doc,operation_installation_manual,"air_cooled_chiller_heat_pump,ahu,controller",21,good_text,doc_level_single_call,1.09,/Volumes/TSD302/pan/a00238/13、天加中央空调/【天加 】风冷净化空调机组安装操作手册.pdf
B_oem_manual_text_first,text-extractable OEM operation/service/technical manuals; catalogs excluded,P1_batch_extract,York/JCI,oem_manual_or_vendor_doc,controller_manual,"air_cooled_chiller_heat_pump,controller",23,good_text,doc_level_single_call,0.61,/Volumes/TSD302/pan/a00238/04、约克中央空调/约克技术手册/【约克】风冷冷水机组YCAC，YMAC，YSAC通用控制器使用手册3.0.pdf
B_oem_manual_text_first,text-extractable OEM operation/service/technical manuals; catalogs excluded,P1_batch_extract,Carrier,oem_manual_or_vendor_doc,operation_installation_manual,air_cooled_chiller_heat_pump,28,good_text,doc_level_single_call,4.65,/Volumes/TSD302/pan/a00238/03、开利中央空调/技术手册/【开利】30AQ开利风冷式热泵机组（28页）-制冷百家网.pdf
B_oem_manual_text_first,text-extractable OEM operation/service/technical manuals; catalogs excluded,P1_batch_extract,Carrier,oem_manual_or_vendor_doc,service_manual,air_cooled_chiller_heat_pump,28,good_text,doc_level_single_call,4.65,/Volumes/TSD302/pan/a00238/03、开利中央空调/技术手册/【开利】中央空调30AQ风冷式热泵机组安装维修手册（28页）-制冷百家网.pdf
B_oem_manual_text_first,text-extractable OEM operation/service/technical manuals; catalogs excluded,P1_batch_extract,Haier,oem_manual_or_vendor_doc,service_manual,air_cooled_chiller_heat_pump,28,good_text,doc_level_single_call,0.98,/Volumes/TSD302/pan/a00238/08、海尔中央空调/海尔技术手册/【海尔】LSQWRF130C-318C风冷涡旋机组维修手册（28页）-制冷百家网.pdf
B_oem_manual_text_first,text-extractable OEM operation/service/technical manuals; catalogs excluded,P1_batch_extract,Haier,oem_manual_or_vendor_doc,service_manual,air_cooled_chiller_heat_pump,28,good_text,doc_level_single_call,0.98,/Volumes/TSD302/pan/a00238/08、海尔中央空调/海尔技术手册/【海尔】LSQ系列风冷涡旋机组维修手册（32页）-制冷百家网.pdf
B_oem_manual_text_first,text-extractable OEM operation/service/technical manuals; catalogs excluded,P1_batch_extract,Haier,oem_manual_or_vendor_doc,service_manual,fault_code,29,good_text,doc_level_single_call,1.79,/Volumes/TSD302/pan/a00238/08、海尔中央空调/海尔技术手册/【海尔】商用柜机KFR(d)-120LW】维修手册（29页）-制冷百家网.pdf
B_oem_manual_text_first,text-extractable OEM operation/service/technical manuals; catalogs excluded,P1_batch_extract,Midea,oem_manual_or_vendor_doc,service_manual,fault_code,30,good_text,doc_level_single_call,1.68,/Volumes/TSD302/pan/a00238/09、美的/美的技术手册/【美的】高温直热循环式热水机 RSJ 系列 技术手册（30页）-制冷百家网.pdf
B_oem_manual_text_first,text-extractable OEM operation/service/technical manuals; catalogs excluded,P1_batch_extract,TICA,oem_manual_or_vendor_doc,operation_installation_manual,screw_chiller,32,good_text,doc_level_single_call,4.63,/Volumes/TSD302/pan/a00238/13、天加中央空调/【天加】水冷螺杆式冷水机组操作使用说明书.3.pdf
B_oem_manual_text_first,text-extractable OEM operation/service/technical manuals; catalogs excluded,P1_batch_extract,Trane,oem_manual_or_vendor_doc,operation_installation_manual,"controller,fault_code",32,good_text,doc_level_single_call,2.66,/Volumes/TSD302/pan/a00238/05、特灵中央空调/特灵/【特灵】WPWE040-100热泵空调安装维护手册（32页）-制冷百家网.pdf
B_oem_manual_text_first,text-extractable OEM operation/service/technical manuals; catalogs excluded,P1_batch_extract,Trane,oem_manual_or_vendor_doc,operation_installation_manual,"water_source_heat_pump,controller,fault_code",32,good_text,doc_level_single_call,2.66,/Volumes/TSD302/pan/a00238/05、特灵中央空调/特灵/【特灵】水源热泵空调wpwe技术手册-制冷百家网.pdf
B_oem_manual_text_first,text-extractable OEM operation/service/technical manuals; catalogs excluded,P1_batch_extract,York/JCI,oem_manual_or_vendor_doc,technical_manual,air_cooled_chiller_heat_pump,33,good_text,doc_level_single_call,3.76,/Volumes/TSD302/pan/a00238/04、约克中央空调/约克技术手册/【约克】YHAC-B风冷空气源热泵机安装调试与维护手册（33页）-制冷百家网.pdf
B_oem_manual_text_first,text-extractable OEM operation/service/technical manuals; catalogs excluded,P1_batch_extract,TICA,oem_manual_or_vendor_doc,operation_installation_manual,air_cooled_chiller_heat_pump,35,good_text,doc_level_single_call,1.21,/Volumes/TSD302/pan/a00238/13、天加中央空调/【天加 】空调模块机组安装操作手册（22页）.pdf
B_oem_manual_text_first,text-extractable OEM operation/service/technical manuals; catalogs excluded,P1_batch_extract,Dunham-Bush,oem_manual_or_vendor_doc,operation_installation_manual,"screw_chiller,air_cooled_chiller_heat_pump",35,good_text,doc_level_single_call,0.55,/Volumes/TSD302/pan/a00238/18、顿汉布什/【顿汉布什】风冷螺杆安装操作说明书.pdf
B_oem_manual_text_first,text-extractable OEM operation/service/technical manuals; catalogs excluded,P1_batch_extract,McQuay/Daikin,oem_manual_or_vendor_doc,operation_installation_manual,water_source_heat_pump,36,good_text,doc_level_single_call,0.84,/Volumes/TSD302/pan/a00238/06、麦克维尔/技术手册/【麦克维尔】MWH008～350C(R)水源热泵安装使用说明书（36页）-制冷百家网.pdf
B_oem_manual_text_first,text-extractable OEM operation/service/technical manuals; catalogs excluded,P1_batch_extract,Dunham-Bush,oem_manual_or_vendor_doc,operation_installation_manual,"screw_chiller,air_cooled_chiller_heat_pump",38,good_text,doc_level_single_call,13.52,/Volumes/TSD302/pan/a00238/18、顿汉布什/【顿汉布什】风冷螺杆冷水机组安装操作维修说明书.pdf
B_oem_manual_text_first,text-extractable OEM operation/service/technical manuals; catalogs excluded,P1_batch_extract,Dunham-Bush,oem_manual_or_vendor_doc,operation_installation_manual,"screw_chiller,air_cooled_chiller_heat_pump",38,good_text,doc_level_single_call,12.05,/Volumes/TSD302/pan/a00238/25、其他品牌/顿汉布什风冷螺杆冷水机组安装操作维修说明书.pdf
B_oem_manual_text_first,text-extractable OEM operation/service/technical manuals; catalogs excluded,P1_batch_extract,Trane,oem_manual_or_vendor_doc,operation_installation_manual,controller,39,good_text,doc_level_single_call,3.36,/Volumes/TSD302/pan/a00238/05、特灵中央空调/特灵/【特灵】奥迪斯风管机空调安装操作维护手册（39页）.pdf
B_oem_manual_text_first,text-extractable OEM operation/service/technical manuals; catalogs excluded,P1_batch_extract,Trane,oem_manual_or_vendor_doc,operation_installation_manual,air_cooled_chiller_heat_pump,42,good_text,doc_level_single_call,3.68,/Volumes/TSD302/pan/a00238/05、特灵中央空调/特灵/【特灵】Aquastream风冷式冷水（热泵）机组技术手册（42页）-制冷百家网.pdf
B_oem_manual_text_first,text-extractable OEM operation/service/technical manuals; catalogs excluded,P1_batch_extract,Carrier,oem_manual_or_vendor_doc,technical_manual,air_cooled_chiller_heat_pump,43,good_text,doc_level_single_call,0.66,/Volumes/TSD302/pan/a00238/03、开利中央空调/技术手册/【开利】30RB192-802涡旋式风冷冷水机组开机运行维护手册43页-制冷百家网.pdf
B_oem_manual_text_first,text-extractable OEM operation/service/technical manuals; catalogs excluded,P1_batch_extract,Midea,oem_manual_or_vendor_doc,technical_manual,screw_chiller,44,good_text,doc_level_single_call,1.88,/Volumes/TSD302/pan/a00238/09、美的/美的技术手册/【美的】C系列干式螺杆冷水机组技术手册（44页）-制冷百家网.pdf
B_oem_manual_text_first,text-extractable OEM operation/service/technical manuals; catalogs excluded,P1_batch_extract,Midea,oem_manual_or_vendor_doc,service_manual,fault_code,44,good_text,doc_level_single_call,2.56,/Volumes/TSD302/pan/a00238/09、美的/美的技术手册/【美的】空气能热泵热水机安装使用维修手册(一)（44页）-制冷百家网.pdf
B_oem_manual_text_first,text-extractable OEM operation/service/technical manuals; catalogs excluded,P1_batch_extract,TICA,oem_manual_or_vendor_doc,operation_installation_manual,"screw_chiller,water_source_heat_pump",46,good_text,doc_level_single_call,1.89,/Volumes/TSD302/pan/a00238/13、天加中央空调/【天加 】满液式水源螺杆热泵机组(用户手册)（46页）.pdf
B_oem_manual_text_first,text-extractable OEM operation/service/technical manuals; catalogs excluded,P1_batch_extract,York/JCI,oem_manual_or_vendor_doc,service_manual,air_cooled_chiller_heat_pump,46,good_text,doc_level_single_call,8.26,/Volumes/TSD302/pan/a00238/04、约克中央空调/约克技术手册/【约克】YMAC风冷冷水热泵机组维修手册（46页）-制冷百家网.pdf
B_oem_manual_text_first,text-extractable OEM operation/service/technical manuals; catalogs excluded,P1_batch_extract,McQuay/Daikin,oem_manual_or_vendor_doc,technical_manual,air_cooled_chiller_heat_pump,46,good_text,doc_level_single_call,1.36,/Volumes/TSD302/pan/a00238/06、麦克维尔/技术手册/【麦克维尔】MAC210 风冷模块机使用及安装手册（49页）-.pdf
B_oem_manual_text_first,text-extractable OEM operation/service/technical manuals; catalogs excluded,P1_batch_extract,McQuay/Daikin,oem_manual_or_vendor_doc,technical_manual,air_cooled_chiller_heat_pump,46,good_text,doc_level_single_call,0.95,/Volumes/TSD302/pan/a00238/06、麦克维尔/技术手册/【麦克维尔】MAC340-450大容量风冷模块机安装说明书-.pdf
B_oem_manual_text_first,text-extractable OEM operation/service/technical manuals; catalogs excluded,P1_batch_extract,Mitsubishi Heavy Industries,oem_manual_or_vendor_doc,controller_manual,controller,47,good_text,doc_level_single_call,1.38,/Volumes/TSD302/pan/a00238/07、三菱重工/技术手册/【三菱重工】eco-touch 触摸线控器技术手册（47页）.pdf
B_oem_manual_text_first,text-extractable OEM operation/service/technical manuals; catalogs excluded,P1_batch_extract,York/JCI,oem_manual_or_vendor_doc,technical_manual,screw_chiller,47,good_text,doc_level_single_call,0.95,/Volumes/TSD302/pan/a00238/04、约克中央空调/约克技术手册/【约克】RWF螺杆压缩机组100-480安装、操作、维护手册（47页）-制冷百家网.pdf
B_oem_manual_text_first,text-extractable OEM operation/service/technical manuals; catalogs excluded,P1_batch_extract,McQuay/Daikin,oem_manual_or_vendor_doc,technical_manual,"centrifugal_chiller,controller",47,good_text,doc_level_single_call,2.25,/Volumes/TSD302/pan/a00238/06、麦克维尔/技术手册/【麦克维尔】WSC WDC HSC HDC单／双压缩机离心式安装维护手册（49页）-制冷百家网.pdf
B_oem_manual_text_first,text-extractable OEM operation/service/technical manuals; catalogs excluded,P1_batch_extract,McQuay/Daikin,oem_manual_or_vendor_doc,service_manual,"centrifugal_chiller,controller",47,good_text,doc_level_single_call,2.23,/Volumes/TSD302/pan/a00238/06、麦克维尔/技术手册/【麦克维尔】单、双压缩机离心式冷水机组安装维修手册.pdf
B_oem_manual_text_first,text-extractable OEM operation/service/technical manuals; catalogs excluded,P1_batch_extract,Hitachi,oem_manual_or_vendor_doc,technical_manual,screw_chiller,48,good_text,doc_level_single_call,1.78,/Volumes/TSD302/pan/a00238/12、日立空调/技术手册/【日立】RCU螺杆冷冻机组安装维护技术手册（48页）.pdf
B_oem_manual_text_first,text-extractable OEM operation/service/technical manuals; catalogs excluded,P1_batch_extract,York/JCI,oem_manual_or_vendor_doc,operation_installation_manual,air_cooled_chiller_heat_pump,48,good_text,doc_level_single_call,6.55,/Volumes/TSD302/pan/a00238/04、约克中央空调/约克技术手册/【约克】YCAB风冷涡旋冷水热泵机组安装操作维护手册（48页）-制冷百家网.pdf
B_oem_manual_text_first,text-extractable OEM operation/service/technical manuals; catalogs excluded,P1_batch_extract,Hitachi,oem_manual_or_vendor_doc,technical_manual,"screw_chiller,air_cooled_chiller_heat_pump",49,good_text,doc_level_single_call,2.14,/Volumes/TSD302/pan/a00238/12、日立空调/技术手册/【日立】风冷热泵H系列螺杆机组手册（49页）.pdf
B_oem_manual_text_first,text-extractable OEM operation/service/technical manuals; catalogs excluded,P1_batch_extract,McQuay/Daikin,oem_manual_or_vendor_doc,controller_manual,"centrifugal_chiller,controller",52,good_text,doc_level_single_call,2.8,/Volumes/TSD302/pan/a00238/06、麦克维尔/技术手册/【麦克维尔】PE、WS 系列进口离心机组操作维护手册（49页）-.pdf
B_oem_manual_text_first,text-extractable OEM operation/service/technical manuals; catalogs excluded,P1_batch_extract,McQuay/Daikin,oem_manual_or_vendor_doc,controller_manual,"air_cooled_chiller_heat_pump,controller",54,good_text,doc_level_single_call,1.52,/Volumes/TSD302/pan/a00238/06、麦克维尔/技术手册/【麦克维尔】MCOSKILL 控制器安装手册 适用MHS、MCS机组（54页）-制冷百家网.pdf
B_oem_manual_text_first,text-extractable OEM operation/service/technical manuals; catalogs excluded,P1_batch_extract,Trane,oem_manual_or_vendor_doc,operation_installation_manual,"water_source_heat_pump,controller",56,good_text,doc_level_single_call,4.24,/Volumes/TSD302/pan/a00238/05、特灵中央空调/特灵/【特灵】HWWD水源热泵安装操作维护手册（56页）-制冷百家网.pdf
B_oem_manual_text_first,text-extractable OEM operation/service/technical manuals; catalogs excluded,P1_batch_extract,York/JCI,oem_manual_or_vendor_doc,operation_installation_manual,screw_chiller,56,good_text,doc_level_single_call,30.79,/Volumes/TSD302/pan/a00238/04、约克中央空调/约克技术手册/【约克】RWB-Ⅱ螺杆压缩机机组安装操作维护手册（56页）-制冷百家网.pdf
B_oem_manual_text_first,text-extractable OEM operation/service/technical manuals; catalogs excluded,P1_batch_extract,York/JCI,oem_manual_or_vendor_doc,technical_manual,air_cooled_chiller_heat_pump,58,good_text,doc_level_single_call,1.58,/Volumes/TSD302/pan/a00238/04、约克中央空调/约克技术手册/【约克】YCAE  模块式风冷热泵机组安装、操作和维护手册（58页）-制冷百家网.pdf
B_oem_manual_text_first,text-extractable OEM operation/service/technical manuals; catalogs excluded,P1_batch_extract,Midea,oem_manual_or_vendor_doc,service_manual,controller,58,good_text,doc_level_single_call,5.45,/Volumes/TSD302/pan/a00238/09、美的/美的技术手册/【美的】商用空气能热泵热水机使用手册（58页）-制冷百家网.pdf
B_oem_manual_text_first,text-extractable OEM operation/service/technical manuals; catalogs excluded,P1_batch_extract,York/JCI,oem_manual_or_vendor_doc,technical_manual,air_cooled_chiller_heat_pump,59,good_text,doc_level_single_call,8.94,/Volumes/TSD302/pan/a00238/04、约克中央空调/约克技术手册/【约克】YCAE-B模块式风冷涡旋（59页）（08年后生产的适用）-制冷百家网.pdf
B_oem_manual_text_first,text-extractable OEM operation/service/technical manuals; catalogs excluded,P1_batch_extract,Mitsubishi Heavy Industries,oem_manual_or_vendor_doc,operation_installation_manual,controller,60,good_text,doc_level_single_call,2.67,/Volumes/TSD302/pan/a00238/07、三菱重工/技术手册/【三菱重工】eco-touch 触摸线控器使用手册（60页）.pdf
B_oem_manual_text_first,text-extractable OEM operation/service/technical manuals; catalogs excluded,P1_batch_extract,Midea,oem_manual_or_vendor_doc,controller_manual,controller,60,good_text,doc_level_single_call,2.9,/Volumes/TSD302/pan/a00238/09、美的/美的技术手册/【美的】商用空气能热泵热水机技术手册（60页）-制冷百家网.pdf
B_oem_manual_text_first,text-extractable OEM operation/service/technical manuals; catalogs excluded,P1_batch_extract,Midea,oem_manual_or_vendor_doc,service_manual,fault_code,60,good_text,doc_level_single_call,4.39,/Volumes/TSD302/pan/a00238/09、美的/美的技术手册/【美的】空气能热泵热水机安装使用维修手册(二)（60页）-制冷百家网.pdf
B_oem_manual_text_first,text-extractable OEM operation/service/technical manuals; catalogs excluded,P1_batch_extract,Daikin,oem_manual_or_vendor_doc,service_manual,air_cooled_chiller_heat_pump,61,good_text,doc_level_single_call,3.22,/Volumes/TSD302/pan/a00238/01、大金中央空调/技术、维修手册/【大金】UWY风冷冷水机组使用说明书（61页）制冷百家网.pdf
B_oem_manual_text_first,text-extractable OEM operation/service/technical manuals; catalogs excluded,P1_batch_extract,Carrier,oem_manual_or_vendor_doc,technical_manual,"screw_chiller,air_cooled_chiller_heat_pump",62,good_text,doc_level_single_call,0.93,/Volumes/TSD302/pan/a00238/03、开利中央空调/技术手册/【开利】30XAXQ 螺杆式风冷冷水(热泵)机组开机运行维护手册62页-制冷百家网.pdf
B_oem_manual_text_first,text-extractable OEM operation/service/technical manuals; catalogs excluded,P1_batch_extract,McQuay/Daikin,oem_manual_or_vendor_doc,technical_manual,screw_chiller,63,good_text,doc_level_single_call,1.95,/Volumes/TSD302/pan/a00238/06、麦克维尔/技术手册/【麦克维尔】WMD单螺杆安装维护手册（63页）-.pdf
B_oem_manual_text_first,text-extractable OEM operation/service/technical manuals; catalogs excluded,P1_batch_extract,McQuay/Daikin,oem_manual_or_vendor_doc,technical_manual,screw_chiller,64,good_text,doc_level_single_call,1.9,/Volumes/TSD302/pan/a00238/06、麦克维尔/技术手册/【麦克维尔】MS型半封闭单螺杆式压缩机维护手册（64页）-.pdf
B_oem_manual_text_first,text-extractable OEM operation/service/technical manuals; catalogs excluded,P1_batch_extract,Gree,oem_manual_or_vendor_doc,technical_manual,"centrifugal_chiller,air_cooled_chiller_heat_pump",67,good_text,doc_level_single_call,1.67,/Volumes/TSD302/pan/a00238/02、格力/技术手册/【格力】模块式风冷冷(热)水机组技术手册（67页）-.pdf
B_oem_manual_text_first,text-extractable OEM operation/service/technical manuals; catalogs excluded,P1_batch_extract,Carrier,oem_manual_or_vendor_doc,technical_manual,"screw_chiller,air_cooled_chiller_heat_pump",68,good_text,doc_level_single_call,1.12,/Volumes/TSD302/pan/a00238/03、开利中央空调/技术手册/【开利】30XAXQ开机运行维护手册-制冷百家网.pdf
B_oem_manual_text_first,text-extractable OEM operation/service/technical manuals; catalogs excluded,P1_batch_extract,Gree,oem_manual_or_vendor_doc,technical_manual,centrifugal_chiller,69,good_text,doc_level_single_call,5.74,/Volumes/TSD302/pan/a00238/02、格力/技术手册/【格力】C系列离心式冷水机组技术手册（69页）-.pdf
B_oem_manual_text_first,text-extractable OEM operation/service/technical manuals; catalogs excluded,P1_batch_extract,Gree,oem_manual_or_vendor_doc,technical_manual,centrifugal_chiller,69,good_text,doc_level_single_call,5.74,/Volumes/TSD302/pan/a00238/02、格力/技术手册/【格力】C系列离心式冷水机组技术服务手册（69页）-.pdf
B_oem_manual_text_first,text-extractable OEM operation/service/technical manuals; catalogs excluded,P1_batch_extract,McQuay/Daikin,oem_manual_or_vendor_doc,controller_manual,controller,70,good_text,doc_level_single_call,2.96,/Volumes/TSD302/pan/a00238/06、麦克维尔/技术手册/（制冷百家）麦克维尔MAC模块机应用手册1-制冷百家网.pdf
B_oem_manual_text_first,text-extractable OEM operation/service/technical manuals; catalogs excluded,P1_batch_extract,Trane,oem_manual_or_vendor_doc,service_manual,air_cooled_chiller_heat_pump,71,good_text,doc_level_single_call,2.35,/Volumes/TSD302/pan/a00238/05、特灵中央空调/特灵/【特灵】Coolman风冷热泵式冷水机组安装维修手册.pdf
B_oem_manual_text_first,text-extractable OEM operation/service/technical manuals; catalogs excluded,P1_batch_extract,Midea,oem_manual_or_vendor_doc,technical_manual,water_source_heat_pump,72,good_text,doc_level_single_call,3.04,/Volumes/TSD302/pan/a00238/09、美的/美的技术手册/【美的】水冷柜机 水环热泵技术手册（72页）-制冷百家网.pdf
B_oem_manual_text_first,text-extractable OEM operation/service/technical manuals; catalogs excluded,P1_batch_extract,Haier,oem_manual_or_vendor_doc,controller_manual,"vrf_vrv,controller",74,good_text,doc_level_single_call,3.83,/Volumes/TSD302/pan/a00238/08、海尔中央空调/海尔技术手册/（制冷百家）海尔KVR家庭中央空调R410A直流变频系列资料-制冷百家网.pdf
B_oem_manual_text_first,text-extractable OEM operation/service/technical manuals; catalogs excluded,P1_batch_extract,Gree,oem_manual_or_vendor_doc,technical_manual,centrifugal_chiller,76,good_text,doc_level_single_call,1.65,/Volumes/TSD302/pan/a00238/02、格力/技术手册/【格力】中央空调水冷柜机技术服务手册76页-.pdf
B_oem_manual_text_first,text-extractable OEM operation/service/technical manuals; catalogs excluded,P1_batch_extract,Carrier,oem_manual_or_vendor_doc,technical_manual,screw_chiller,79,good_text,doc_level_single_call,3.59,/Volumes/TSD302/pan/a00238/03、开利中央空调/技术手册/【开利】30HXC-HP开机 运行维护手册79页-制冷百家网.pdf
B_oem_manual_text_first,text-extractable OEM operation/service/technical manuals; catalogs excluded,P1_batch_extract,Carrier,oem_manual_or_vendor_doc,technical_manual,screw_chiller,82,good_text,doc_level_single_call,1.47,/Volumes/TSD302/pan/a00238/03、开利中央空调/技术手册/【开利】30HXY、HXC螺杆机开机、运行维护手册82页-制冷百家网.pdf
B_oem_manual_text_first,text-extractable OEM operation/service/technical manuals; catalogs excluded,P1_batch_extract,Haier,oem_manual_or_vendor_doc,service_manual,screw_chiller,82,good_text,doc_level_single_call,2.2,/Volumes/TSD302/pan/a00238/08、海尔中央空调/海尔技术手册/【海尔】LSBLG满液式水冷螺杆机组维修手册（82页）-制冷百家网.pdf
B_oem_manual_text_first,text-extractable OEM operation/service/technical manuals; catalogs excluded,P1_batch_extract,Haier,oem_manual_or_vendor_doc,service_manual,screw_chiller,82,good_text,doc_level_single_call,2.2,/Volumes/TSD302/pan/a00238/08、海尔中央空调/海尔技术手册/【海尔】满液式水冷螺杆机组维修手册(82页)-制冷百家网.pdf
B_oem_manual_text_first,text-extractable OEM operation/service/technical manuals; catalogs excluded,P1_batch_extract,McQuay/Daikin,oem_manual_or_vendor_doc,service_manual,"air_cooled_chiller_heat_pump,controller",84,good_text,doc_level_single_call,2.12,/Volumes/TSD302/pan/a00238/06、麦克维尔/技术手册/【麦克维尔】AWS风冷机组操作维修手册-.pdf
B_oem_manual_text_first,text-extractable OEM operation/service/technical manuals; catalogs excluded,P1_batch_extract,Gree,oem_manual_or_vendor_doc,technical_manual,screw_chiller,88,good_text,doc_level_single_call,10.04,/Volumes/TSD302/pan/a00238/02、格力/技术手册/【格力】LHD 系列水冷冷水螺杆机组技术服务手册（88页）-.pdf
B_oem_manual_text_first,text-extractable OEM operation/service/technical manuals; catalogs excluded,P1_batch_extract,McQuay/Daikin,oem_manual_or_vendor_doc,controller_manual,controller,100,good_text,doc_level_single_call,5.21,/Volumes/TSD302/pan/a00238/06、麦克维尔/技术手册/【麦克维尔】MAC模块机应用技术手册（100页）-.pdf
B_oem_manual_text_first,text-extractable OEM operation/service/technical manuals; catalogs excluded,P1_batch_extract,Gree,oem_manual_or_vendor_doc,technical_manual,"centrifugal_chiller,air_cooled_chiller_heat_pump",105,good_text,doc_level_single_call,4.67,/Volumes/TSD302/pan/a00238/02、格力/技术手册/【格力】中央空调风冷柜机技术服务手册(105页)-.pdf
B_oem_manual_text_first,text-extractable OEM operation/service/technical manuals; catalogs excluded,P1_batch_extract,Midea,oem_manual_or_vendor_doc,technical_manual,air_cooled_chiller_heat_pump,121,good_text,doc_level_single_call,2.3,/Volumes/TSD302/pan/a00238/09、美的/美的技术手册/【美的】 美的风冷模块机组LSQ技术手册（121页）-制冷百家网.pdf
B_oem_manual_text_first,text-extractable OEM operation/service/technical manuals; catalogs excluded,P1_batch_extract,Midea,oem_manual_or_vendor_doc,technical_manual,air_cooled_chiller_heat_pump,121,good_text,doc_level_single_call,2.3,/Volumes/TSD302/pan/a00238/09、美的/美的技术手册/【美的】LSQWRF风冷热泵模块机技术手册（121页）-制冷百家网.pdf
B_oem_manual_text_first,text-extractable OEM operation/service/technical manuals; catalogs excluded,P1_batch_extract,Trane,oem_manual_or_vendor_doc,technical_manual,air_cooled_chiller_heat_pump,148,good_text,doc_level_single_call,11.03,/Volumes/TSD302/pan/a00238/05、特灵中央空调/特灵/【特灵】CGAM风冷热泵机组技术手册（148页）-制冷百家网.pdf
B_oem_manual_text_first,text-extractable OEM operation/service/technical manuals; catalogs excluded,P1_batch_extract,Midea,oem_manual_or_vendor_doc,technical_manual,air_cooled_chiller_heat_pump,148,good_text,doc_level_single_call,6.64,/Volumes/TSD302/pan/a00238/09、美的/美的技术手册/【美的】风冷热泵模块机组技术手册 （C、G、H系列）148页-制冷百家网.pdf
B_oem_manual_text_first,text-extractable OEM operation/service/technical manuals; catalogs excluded,P1_batch_extract,Gree,oem_manual_or_vendor_doc,technical_manual,centrifugal_chiller,160,good_text,doc_level_single_call,4.39,/Volumes/TSD302/pan/a00238/02、格力/技术手册/【格力】风管机技术服务手册（160页）.pdf
B_oem_manual_text_first,text-extractable OEM operation/service/technical manuals; catalogs excluded,P1_batch_extract,Hitachi,oem_manual_or_vendor_doc,fault_code_reference,"controller,fault_code",2,good_text,doc_level_single_call,0.09,/Volumes/TSD302/pan/a00238/12、日立空调/技术手册/【日立】日立商用中央空调-故障代码表.pdf
B_oem_manual_text_first,text-extractable OEM operation/service/technical manuals; catalogs excluded,P1_batch_extract,McQuay/Daikin,oem_manual_or_vendor_doc,fault_code_reference,fault_code,2,good_text,doc_level_single_call,0.12,/Volumes/TSD302/pan/a00238/06、麦克维尔/技术手册/【麦克维尔】MAC机组_《故障代码及处理方法》手册-.pdf
B_oem_manual_text_first,text-extractable OEM operation/service/technical manuals; catalogs excluded,P1_batch_extract,Midea,oem_manual_or_vendor_doc,fault_code_reference,"vrf_vrv,fault_code",25,partial_text,doc_level_single_call,3.72,/Volumes/TSD302/pan/a00238/09、美的/美的技术手册/【美的】MDV4+多联机故障代码及维修流程图手册（25页）-制冷百家网.pdf
B_oem_manual_text_first,text-extractable OEM operation/service/technical manuals; catalogs excluded,P1_batch_extract,Daikin,oem_manual_or_vendor_doc,service_manual,"controller,fault_code",1,good_text,doc_level_single_call,0.04,/Volumes/TSD302/pan/a00238/01、大金中央空调/技术、维修手册/【大金】空调故障代码一览表（2012版本）制冷百家网.pdf
B_oem_manual_text_first,text-extractable OEM operation/service/technical manuals; catalogs excluded,P1_batch_extract,McQuay/Daikin,oem_manual_or_vendor_doc,technical_manual,screw_chiller,7,good_text,doc_level_single_call,0.21,/Volumes/TSD302/pan/a00238/06、麦克维尔/技术手册/【麦克维尔】螺杆冷水机组维修保养手册-制冷百家网.pdf
C_ocr_multimodal_hold,valuable manuals but low text extraction; hold for OCR/multimodal route,P2_needs_ocr_or_visual_check,Kingair,oem_manual_or_vendor_doc,technical_manual,"screw_chiller,air_cooled_chiller_heat_pump",,unknown,doc_level_single_call,0.46,/Volumes/TSD302/pan/a00238/21、国祥/【国祥】王牌KCA风冷式双螺杆热泵机组技术手册（28页）.pdf
C_ocr_multimodal_hold,valuable manuals but low text extraction; hold for OCR/multimodal route,P2_needs_ocr_or_visual_check,Kingair,oem_manual_or_vendor_doc,operation_installation_manual,"screw_chiller,air_cooled_chiller_heat_pump",,unknown,doc_level_single_call,0.46,/Volumes/TSD302/pan/a00238/21、国祥/【国祥】王牌风冷式双螺杆热泵机组操作说明书（28页）.pdf
C_ocr_multimodal_hold,valuable manuals but low text extraction; hold for OCR/multimodal route,P2_needs_ocr_or_visual_check,McQuay/Daikin,oem_manual_or_vendor_doc,technical_manual,"screw_chiller,air_cooled_chiller_heat_pump",,unknown,doc_level_single_call,0.89,/Volumes/TSD302/pan/a00238/06、麦克维尔/技术手册/【麦克维尔】MCSMHS大型风冷螺杆冷水热泵机组手册.pdf
C_ocr_multimodal_hold,valuable manuals but low text extraction; hold for OCR/multimodal route,P2_needs_ocr_or_visual_check,Daikin,vendor_training_or_internal,fault_code_reference,"vrf_vrv,fault_code",9,low_or_no_text,ocr_or_multimodal_first,0.66,/Volumes/TSD302/pan/a00238/01、大金中央空调/培训/大金 VRV 根据故障代码（排除故障方法）.pdf
C_ocr_multimodal_hold,valuable manuals but low text extraction; hold for OCR/multimodal route,P2_needs_ocr_or_visual_check,Haier,oem_manual_or_vendor_doc,technical_manual,air_cooled_chiller_heat_pump,16,low_or_no_text,ocr_or_multimodal_first,2.74,/Volumes/TSD302/pan/a00238/08、海尔中央空调/海尔技术手册/【海尔】风冷冷水机组调试维护手册-制冷百家网.pdf
C_ocr_multimodal_hold,valuable manuals but low text extraction; hold for OCR/multimodal route,P2_needs_ocr_or_visual_check,Dunham-Bush,oem_manual_or_vendor_doc,operation_installation_manual,screw_chiller,18,low_or_no_text,ocr_or_multimodal_first,13.08,/Volumes/TSD302/pan/a00238/18、顿汉布什/【顿汉布什】WCFX-R-螺杆式冷水机组操作说明书.pdf
C_ocr_multimodal_hold,valuable manuals but low text extraction; hold for OCR/multimodal route,P2_needs_ocr_or_visual_check,Haier,oem_manual_or_vendor_doc,technical_manual,centrifugal_chiller,20,low_or_no_text,ocr_or_multimodal_first,21.02,/Volumes/TSD302/pan/a00238/08、海尔中央空调/海尔技术手册/【海尔】磁悬浮变频离心机组手册-制冷百家网.pdf
C_ocr_multimodal_hold,valuable manuals but low text extraction; hold for OCR/multimodal route,P2_needs_ocr_or_visual_check,Haier,vendor_training_or_internal,technical_manual,air_cooled_chiller_heat_pump,32,low_or_no_text,ocr_or_multimodal_first,3.4,/Volumes/TSD302/pan/a00238/08、海尔中央空调/海尔技术手册/【海尔】风冷模块式冷热水机组培训手册（32页）-制冷百家网.pdf
C_ocr_multimodal_hold,valuable manuals but low text extraction; hold for OCR/multimodal route,P2_needs_ocr_or_visual_check,TICA,oem_manual_or_vendor_doc,operation_installation_manual,air_cooled_chiller_heat_pump,35,low_or_no_text,ocr_or_multimodal_first,11.34,/Volumes/TSD302/pan/a00238/13、天加中央空调/【天加 】模块化风冷式冷(热)水机组D-安装操作手册.pdf
C_ocr_multimodal_hold,valuable manuals but low text extraction; hold for OCR/multimodal route,P2_needs_ocr_or_visual_check,Haier,oem_manual_or_vendor_doc,service_manual,air_cooled_chiller_heat_pump,37,low_or_no_text,ocr_or_multimodal_first,5.64,/Volumes/TSD302/pan/a00238/08、海尔中央空调/海尔技术手册/【海尔】65C风冷模块机安装维修手册（37页）-制冷百家网.pdf
C_ocr_multimodal_hold,valuable manuals but low text extraction; hold for OCR/multimodal route,P2_needs_ocr_or_visual_check,York/JCI,oem_manual_or_vendor_doc,operation_installation_manual,screw_chiller,42,low_or_no_text,ocr_or_multimodal_first,9.33,/Volumes/TSD302/pan/a00238/04、约克中央空调/约克技术手册/【约克】YBWC约克水冷螺杆式冷水机组安装操作维护手册（42页）-制冷百家网.pdf
C_ocr_multimodal_hold,valuable manuals but low text extraction; hold for OCR/multimodal route,P2_needs_ocr_or_visual_check,Hitachi,oem_manual_or_vendor_doc,technical_manual,screw_chiller,45,low_or_no_text,ocr_or_multimodal_first,6.43,/Volumes/TSD302/pan/a00238/12、日立空调/技术手册/【日立】水冷低温螺杆式冷水机组手册.pdf
C_ocr_multimodal_hold,valuable manuals but low text extraction; hold for OCR/multimodal route,P2_needs_ocr_or_visual_check,Mitsubishi Heavy Industries,oem_manual_or_vendor_doc,controller_manual,controller,50,low_or_no_text,ocr_or_multimodal_first,1.85,/Volumes/TSD302/pan/a00238/07、三菱重工/技术手册/【三菱重工】新超级链接系统控制器技术手册（50页）.pdf
C_ocr_multimodal_hold,valuable manuals but low text extraction; hold for OCR/multimodal route,P2_needs_ocr_or_visual_check,York/JCI,oem_manual_or_vendor_doc,technical_manual,centrifugal_chiller,51,low_or_no_text,ocr_or_multimodal_first,7.83,/Volumes/TSD302/pan/a00238/04、约克中央空调/约克技术手册/【约克】R134a YK系列 离心式冷水机组-操作维护手册（51页）-制冷百家网.pdf
C_ocr_multimodal_hold,valuable manuals but low text extraction; hold for OCR/multimodal route,P2_needs_ocr_or_visual_check,York/JCI,oem_manual_or_vendor_doc,service_manual,screw_chiller,52,low_or_no_text,ocr_or_multimodal_first,3.93,/Volumes/TSD302/pan/a00238/04、约克中央空调/约克技术手册/【约克】YEWS-C水冷螺杆式冷水机组维修手册（52页）-制冷百家网.pdf
C_ocr_multimodal_hold,valuable manuals but low text extraction; hold for OCR/multimodal route,P2_needs_ocr_or_visual_check,York/JCI,oem_manual_or_vendor_doc,service_manual,screw_chiller,69,low_or_no_text,ocr_or_multimodal_first,18.82,/Volumes/TSD302/pan/a00238/04、约克中央空调/约克技术手册/【约克】YEAS+螺杆式空气源热泵控制系统和电气维修手册（69页）-制冷百家网.pdf
C_ocr_multimodal_hold,valuable manuals but low text extraction; hold for OCR/multimodal route,P2_needs_ocr_or_visual_check,Mitsubishi Heavy Industries,oem_manual_or_vendor_doc,technical_manual,"centrifugal_chiller,water_source_heat_pump",73,low_or_no_text,ocr_or_multimodal_first,19.34,/Volumes/TSD302/pan/a00238/07、三菱重工/技术手册/【三菱重工】ETW离心高温水源热泵技术手册（73页）.pdf
C_ocr_multimodal_hold,valuable manuals but low text extraction; hold for OCR/multimodal route,P2_needs_ocr_or_visual_check,Carrier,oem_manual_or_vendor_doc,technical_manual,screw_chiller,73,low_or_no_text,ocr_or_multimodal_first,18.01,/Volumes/TSD302/pan/a00238/03、开利中央空调/技术手册/【开利】30HXC130A-400A螺杆机运行、维护手册-制冷百家网.pdf
C_ocr_multimodal_hold,valuable manuals but low text extraction; hold for OCR/multimodal route,P2_needs_ocr_or_visual_check,York/JCI,oem_manual_or_vendor_doc,technical_manual,screw_chiller,80,low_or_no_text,ocr_or_multimodal_first,7.64,/Volumes/TSD302/pan/a00238/04、约克中央空调/约克技术手册/【约克】RWF2螺杆式机组安装运行维护手册（80页）-制冷百家网.pdf
C_ocr_multimodal_hold,valuable manuals but low text extraction; hold for OCR/multimodal route,P2_needs_ocr_or_visual_check,Carrier,oem_manual_or_vendor_doc,technical_manual,centrifugal_chiller,94,low_or_no_text,ocr_or_multimodal_first,4.54,/Volumes/TSD302/pan/a00238/03、开利中央空调/技术手册/【开利】19XL-离心式冷水机组开机运行及维护说明书94页-制冷百家网.pdf
C_ocr_multimodal_hold,valuable manuals but low text extraction; hold for OCR/multimodal route,P2_needs_ocr_or_visual_check,McQuay/Daikin,oem_manual_or_vendor_doc,technical_manual,centrifugal_chiller,95,low_or_no_text,ocr_or_multimodal_first,16.88,/Volumes/TSD302/pan/a00238/06、麦克维尔/技术手册/【麦克维尔】离心机技术资料合成本（95页）-制冷百家网.pdf
C_ocr_multimodal_hold,valuable manuals but low text extraction; hold for OCR/multimodal route,P2_needs_ocr_or_visual_check,Carrier,oem_manual_or_vendor_doc,technical_manual,centrifugal_chiller,97,low_or_no_text,ocr_or_multimodal_first,9.82,/Volumes/TSD302/pan/a00238/03、开利中央空调/技术手册/【开利】19XR离心式冷水机组开机运行维护说明书-制冷百家网.pdf
C_ocr_multimodal_hold,valuable manuals but low text extraction; hold for OCR/multimodal route,P2_needs_ocr_or_visual_check,Carrier,oem_manual_or_vendor_doc,technical_manual,centrifugal_chiller,97,low_or_no_text,ocr_or_multimodal_first,9.82,/Volumes/TSD302/pan/a00238/03、开利中央空调/技术手册/【开利】19XR离心机开机运行维护说明书97页-制冷百家网.pdf
C_ocr_multimodal_hold,valuable manuals but low text extraction; hold for OCR/multimodal route,P2_needs_ocr_or_visual_check,York/JCI,oem_manual_or_vendor_doc,technical_manual,centrifugal_chiller,123,low_or_no_text,ocr_or_multimodal_first,38.22,/Volumes/TSD302/pan/a00238/04、约克中央空调/约克技术手册/【约克】YK系列离心机操作维护手册（123页）-制冷百家网.pdf
C_ocr_multimodal_hold,valuable manuals but low text extraction; hold for OCR/multimodal route,P2_needs_ocr_or_visual_check,Hitachi,oem_manual_or_vendor_doc,technical_manual,general_hvac,,unknown,doc_level_single_call,5.48,/Volumes/TSD302/pan/a00238/12、日立空调/技术手册/【日立】家用中央空调设计使用手册.pdf
C_ocr_multimodal_hold,valuable manuals but low text extraction; hold for OCR/multimodal route,P2_needs_ocr_or_visual_check,Gree,oem_manual_or_vendor_doc,service_manual,general_hvac,,unknown,doc_level_single_call,1.52,/Volumes/TSD302/pan/a00238/02、格力/技术手册/【格力】free直变分体系列空调维修手册.pdf
C_ocr_multimodal_hold,valuable manuals but low text extraction; hold for OCR/multimodal route,P2_needs_ocr_or_visual_check,Gree,oem_manual_or_vendor_doc,technical_manual,general_hvac,8,low_or_no_text,ocr_or_multimodal_first,14.29,/Volumes/TSD302/pan/a00238/02、格力/技术手册/【格力】家用中央空调安装手册-.pdf
C_ocr_multimodal_hold,valuable manuals but low text extraction; hold for OCR/multimodal route,P2_needs_ocr_or_visual_check,Daikin,oem_manual_or_vendor_doc,service_manual,general_hvac,9,low_or_no_text,ocr_or_multimodal_first,3.14,/Volumes/TSD302/pan/a00238/01、大金中央空调/技术、维修手册/【大金】HRV全热交换器使用说明书制冷百家网.pdf
C_ocr_multimodal_hold,valuable manuals but low text extraction; hold for OCR/multimodal route,P2_needs_ocr_or_visual_check,McQuay/Daikin,oem_manual_or_vendor_doc,technical_manual,general_hvac,11,low_or_no_text,ocr_or_multimodal_first,2.41,/Volumes/TSD302/pan/a00238/06、麦克维尔/技术手册/【麦克维尔】PFS安装维护手册-.pdf
C_ocr_multimodal_hold,valuable manuals but low text extraction; hold for OCR/multimodal route,P2_needs_ocr_or_visual_check,Daikin,oem_manual_or_vendor_doc,service_manual,vrf_vrv,12,low_or_no_text,ocr_or_multimodal_first,6.45,/Volumes/TSD302/pan/a00238/01、大金中央空调/技术、维修手册/【大金】RHXY、RCXY系列VRV3使用说明书制冷百家网.pdf
C_ocr_multimodal_hold,valuable manuals but low text extraction; hold for OCR/multimodal route,P2_needs_ocr_or_visual_check,Daikin,oem_manual_or_vendor_doc,service_manual,vrf_vrv,14,low_or_no_text,ocr_or_multimodal_first,9.41,/Volumes/TSD302/pan/a00238/01、大金中央空调/技术、维修手册/【大金】VRV无线遥控器使用说明书制冷百家网.pdf
C_ocr_multimodal_hold,valuable manuals but low text extraction; hold for OCR/multimodal route,P2_needs_ocr_or_visual_check,Daikin,oem_manual_or_vendor_doc,service_manual,general_hvac,18,low_or_no_text,ocr_or_multimodal_first,2.88,/Volumes/TSD302/pan/a00238/01、大金中央空调/技术、维修手册/【大金】EEHS系列冷暖技术手册制冷百家网.pdf
C_ocr_multimodal_hold,valuable manuals but low text extraction; hold for OCR/multimodal route,P2_needs_ocr_or_visual_check,Midea,oem_manual_or_vendor_doc,technical_manual,general_hvac,18,low_or_no_text,ocr_or_multimodal_first,6.71,/Volumes/TSD302/pan/a00238/09、美的/美的技术手册/【美的】第三代智能变频中央空调(室外机)安装说明书（18页）-制冷百家网.pdf
C_ocr_multimodal_hold,valuable manuals but low text extraction; hold for OCR/multimodal route,P2_needs_ocr_or_visual_check,Carrier,oem_manual_or_vendor_doc,technical_manual,general_hvac,28,low_or_no_text,ocr_or_multimodal_first,1.67,/Volumes/TSD302/pan/a00238/03、开利中央空调/技术手册/【开利】30GQ080-120安装开机及维修说明书-制冷百家网.pdf
C_ocr_multimodal_hold,valuable manuals but low text extraction; hold for OCR/multimodal route,P2_needs_ocr_or_visual_check,Carrier,oem_manual_or_vendor_doc,technical_manual,general_hvac,28,low_or_no_text,ocr_or_multimodal_first,1.67,/Volumes/TSD302/pan/a00238/03、开利中央空调/技术手册/【开利】30GQ080-120安装开机及维修说明书28页-制冷百家网.pdf
C_ocr_multimodal_hold,valuable manuals but low text extraction; hold for OCR/multimodal route,P2_needs_ocr_or_visual_check,Dunham-Bush,oem_manual_or_vendor_doc,service_manual,general_hvac,28,low_or_no_text,ocr_or_multimodal_first,52.51,/Volumes/TSD302/pan/a00238/18、顿汉布什/【顿汉布什】中央空调维修手册.pdf
C_ocr_multimodal_hold,valuable manuals but low text extraction; hold for OCR/multimodal route,P2_needs_ocr_or_visual_check,McQuay/Daikin,oem_manual_or_vendor_doc,technical_manual,general_hvac,30,low_or_no_text,ocr_or_multimodal_first,2.04,/Volumes/TSD302/pan/a00238/06、麦克维尔/技术手册/（制冷百家）麦克维尔MAC模块机应用手册2-制冷百家网.pdf
C_ocr_multimodal_hold,valuable manuals but low text extraction; hold for OCR/multimodal route,P2_needs_ocr_or_visual_check,Daikin,oem_manual_or_vendor_doc,service_manual,vrf_vrv,39,low_or_no_text,ocr_or_multimodal_first,3.93,/Volumes/TSD302/pan/a00238/01、大金中央空调/技术、维修手册/【大金】VRV自由冷暖变频空调技术手册（39页）制冷百家网.pdf
C_ocr_multimodal_hold,valuable manuals but low text extraction; hold for OCR/multimodal route,P2_needs_ocr_or_visual_check,Carrier,oem_manual_or_vendor_doc,technical_manual,general_hvac,39,low_or_no_text,ocr_or_multimodal_first,6.85,/Volumes/TSD302/pan/a00238/03、开利中央空调/技术手册/【开利】30RB30RQ039-160电气手册（39页）-制冷百家网.pdf
C_ocr_multimodal_hold,valuable manuals but low text extraction; hold for OCR/multimodal route,P2_needs_ocr_or_visual_check,Carrier,oem_manual_or_vendor_doc,service_manual,general_hvac,39,low_or_no_text,ocr_or_multimodal_first,6.85,/Volumes/TSD302/pan/a00238/03、开利中央空调/技术手册/【开利】中央空调30RB、30RQ电气维修手册（39页）-制冷百家网.pdf
C_ocr_multimodal_hold,valuable manuals but low text extraction; hold for OCR/multimodal route,P2_needs_ocr_or_visual_check,Midea,vendor_training_or_internal,service_manual,general_hvac,39,low_or_no_text,ocr_or_multimodal_first,17.05,/Volumes/TSD302/pan/a00238/09、美的/培训/美的中央空调维修手册 1 1.pdf
C_ocr_multimodal_hold,valuable manuals but low text extraction; hold for OCR/multimodal route,P2_needs_ocr_or_visual_check,Midea,vendor_training_or_internal,service_manual,general_hvac,39,low_or_no_text,ocr_or_multimodal_first,17.05,/Volumes/TSD302/pan/a00238/09、美的/培训/美的中央空调维修手册 1.pdf
C_ocr_multimodal_hold,valuable manuals but low text extraction; hold for OCR/multimodal route,P2_needs_ocr_or_visual_check,Midea,vendor_training_or_internal,service_manual,general_hvac,39,low_or_no_text,ocr_or_multimodal_first,17.05,/Volumes/TSD302/pan/a00238/09、美的/培训/美的中央空调维修手册.pdf
C_ocr_multimodal_hold,valuable manuals but low text extraction; hold for OCR/multimodal route,P2_needs_ocr_or_visual_check,Daikin,oem_manual_or_vendor_doc,service_manual,general_hvac,46,low_or_no_text,ocr_or_multimodal_first,242.28,/Volumes/TSD302/pan/a00238/01、大金中央空调/技术、维修手册/【大金】R系列空调技术维修手册制冷百家网.pdf
C_ocr_multimodal_hold,valuable manuals but low text extraction; hold for OCR/multimodal route,P2_needs_ocr_or_visual_check,Hitachi,oem_manual_or_vendor_doc,technical_manual,general_hvac,51,low_or_no_text,ocr_or_multimodal_first,18.66,/Volumes/TSD302/pan/a00238/12、日立空调/技术手册/【日立】KX系列气冷涡旋式冷冻机技术手册（52页）.pdf
C_ocr_multimodal_hold,valuable manuals but low text extraction; hold for OCR/multimodal route,P2_needs_ocr_or_visual_check,Hitachi,oem_manual_or_vendor_doc,technical_manual,general_hvac,52,low_or_no_text,ocr_or_multimodal_first,4.28,/Volumes/TSD302/pan/a00238/12、日立空调/技术手册/【日立】水冷式冷水机组安装、使用、维护说明书.pdf
C_ocr_multimodal_hold,valuable manuals but low text extraction; hold for OCR/multimodal route,P2_needs_ocr_or_visual_check,Daikin,vendor_training_or_internal,operation_installation_manual,vrf_vrv,54,low_or_no_text,ocr_or_multimodal_first,4.67,/Volumes/TSD302/pan/a00238/01、大金中央空调/培训/大金空调三管制详解培训.pdf
C_ocr_multimodal_hold,valuable manuals but low text extraction; hold for OCR/multimodal route,P2_needs_ocr_or_visual_check,Hitachi,oem_manual_or_vendor_doc,operation_installation_manual,vrf_vrv,62,low_or_no_text,ocr_or_multimodal_first,3.39,/Volumes/TSD302/pan/a00238/12、日立空调/技术手册/【日立】日立多联机安装维修操作手册.pdf
C_ocr_multimodal_hold,valuable manuals but low text extraction; hold for OCR/multimodal route,P2_needs_ocr_or_visual_check,Hitachi,oem_manual_or_vendor_doc,technical_manual,general_hvac,64,low_or_no_text,ocr_or_multimodal_first,51.2,/Volumes/TSD302/pan/a00238/12、日立空调/技术手册/【日立】中央空调故障点速查手册.pdf
C_ocr_multimodal_hold,valuable manuals but low text extraction; hold for OCR/multimodal route,P2_needs_ocr_or_visual_check,Mitsubishi Heavy Industries,oem_manual_or_vendor_doc,service_manual,general_hvac,68,low_or_no_text,ocr_or_multimodal_first,8.25,/Volumes/TSD302/pan/a00238/07、三菱重工/技术手册/【三菱重工】SPA空气清新机工厂维修手册（68页）.pdf
C_ocr_multimodal_hold,valuable manuals but low text extraction; hold for OCR/multimodal route,P2_needs_ocr_or_visual_check,Daikin,oem_manual_or_vendor_doc,service_manual,vrf_vrv,80,low_or_no_text,ocr_or_multimodal_first,14.27,/Volumes/TSD302/pan/a00238/01、大金中央空调/技术、维修手册/【大金】VRV X多联机技术手册（80页）.pdf
C_ocr_multimodal_hold,valuable manuals but low text extraction; hold for OCR/multimodal route,P2_needs_ocr_or_visual_check,York/JCI,oem_manual_or_vendor_doc,technical_manual,general_hvac,80,low_or_no_text,ocr_or_multimodal_first,171.18,/Volumes/TSD302/pan/a00238/04、约克中央空调/约克技术手册/【约克】YS（E）显示屏操作指导手册（80页）-制冷百家网.pdf
C_ocr_multimodal_hold,valuable manuals but low text extraction; hold for OCR/multimodal route,P2_needs_ocr_or_visual_check,Carrier,oem_manual_or_vendor_doc,technical_manual,general_hvac,83,low_or_no_text,ocr_or_multimodal_first,6.13,/Volumes/TSD302/pan/a00238/03、开利中央空调/技术手册/【开利】16DN直燃型溴化锂机组开机运行及维护手册（89页）-制冷百家网.pdf
C_ocr_multimodal_hold,valuable manuals but low text extraction; hold for OCR/multimodal route,P2_needs_ocr_or_visual_check,Haier,oem_manual_or_vendor_doc,technical_manual,water_source_heat_pump,89,low_or_no_text,ocr_or_multimodal_first,21.46,/Volumes/TSD302/pan/a00238/08、海尔中央空调/海尔技术手册/【海尔】ACG水源热泵技术手册（89页）-制冷百家网.pdf
C_ocr_multimodal_hold,valuable manuals but low text extraction; hold for OCR/multimodal route,P2_needs_ocr_or_visual_check,Mitsubishi Heavy Industries,oem_manual_or_vendor_doc,technical_manual,general_hvac,94,low_or_no_text,ocr_or_multimodal_first,5.92,/Volumes/TSD302/pan/a00238/07、三菱重工/技术手册/【三菱重工】MJA定频商用机技术手册（94页）.pdf
C_ocr_multimodal_hold,valuable manuals but low text extraction; hold for OCR/multimodal route,P2_needs_ocr_or_visual_check,Daikin,oem_manual_or_vendor_doc,service_manual,general_hvac,115,low_or_no_text,ocr_or_multimodal_first,6.01,/Volumes/TSD302/pan/a00238/01、大金中央空调/技术、维修手册/【大金】CUW、ZUW系列水冷机组维修资料制冷百家网.pdf
C_ocr_multimodal_hold,valuable manuals but low text extraction; hold for OCR/multimodal route,P2_needs_ocr_or_visual_check,Mitsubishi Heavy Industries,oem_manual_or_vendor_doc,technical_manual,vrf_vrv,138,low_or_no_text,ocr_or_multimodal_first,83.92,/Volumes/TSD302/pan/a00238/07、三菱重工/技术手册/【三菱重工】变频多联空调技术手册（138页）.pdf
C_ocr_multimodal_hold,valuable manuals but low text extraction; hold for OCR/multimodal route,P2_needs_ocr_or_visual_check,Daikin,oem_manual_or_vendor_doc,service_manual,general_hvac,141,low_or_no_text,ocr_or_multimodal_first,4.15,/Volumes/TSD302/pan/a00238/01、大金中央空调/技术、维修手册/【大金】压缩机维修手册（141页）制冷百家网.pdf
C_ocr_multimodal_hold,valuable manuals but low text extraction; hold for OCR/multimodal route,P2_needs_ocr_or_visual_check,Trane,vendor_training_or_internal,service_manual,general_hvac,159,low_or_no_text,ocr_or_multimodal_first,3.93,/Volumes/TSD302/pan/a00238/05、特灵中央空调/培训/特灵冷水机组培训维修手册.pdf
C_ocr_multimodal_hold,valuable manuals but low text extraction; hold for OCR/multimodal route,P2_needs_ocr_or_visual_check,Gree,oem_manual_or_vendor_doc,service_manual,vrf_vrv,167,low_or_no_text,ocr_or_multimodal_first,32.79,/Volumes/TSD302/pan/a00238/02、格力/技术手册/【格力】GMV5、GMV5S直流变频多联机组安装·调试·维修手册（167页）-制冷百家网.pdf
