doc_id,file_name,matched,matched_by,fields_filled
doc_c019162f43d44d06,ASHRAE 211能源审计最佳实践.pdf,yes,sha256,"text_quality,page_count,sample_text_chars_first_3_pages,inventory_source_path"
doc_a5de4244eeda4637,ASHRAE手册 - HVAC系统和设备篇.pdf,yes,file_name,"text_quality,page_count,sample_text_chars_first_3_pages,inventory_source_path"
,ASHRAE手册 - HVAC系统和设备篇_part001.pdf,no,,
,ASHRAE手册 - HVAC系统和设备篇_part002.pdf,no,,
doc_2a7ec347e5f44d9e,ASHRAE手册 - 基础理论篇.pdf,yes,file_name,"text_quality,page_count,sample_text_chars_first_3_pages,inventory_source_path"
,ASHRAE手册 - 基础理论篇_part001.pdf,no,,
,ASHRAE手册 - 基础理论篇_part002.pdf,no,,
,ASHRAE手册 - 基础理论篇_part003.pdf,no,,
,ASHRAE手册 - 基础理论篇_part004.pdf,no,,
,ASHRAE手册 - 基础理论篇_part005.pdf,no,,
doc_90583657120442bb,ASHRAE手册2019.pdf,yes,file_name,"text_quality,sample_text_chars_first_3_pages,inventory_source_path"
,ASHRAE手册2019_part001.pdf,no,,
,ASHRAE手册2019_part002.pdf,no,,
,ASHRAE手册2019_part003.pdf,no,,
,ASHRAE手册2019_part004.pdf,no,,
doc_4a9b0fec1dfb4103,ASHRAE手册2024.pdf,yes,file_name,"text_quality,page_count,sample_text_chars_first_3_pages,inventory_source_path"
,ASHRAE手册2024_part001.pdf,no,,
,ASHRAE手册2024_part002.pdf,no,,
,ASHRAE手册2024_part003.pdf,no,,
,ASHRAE手册2024_part004.pdf,no,,
doc_38a89d59e8394e2d,ASHRAE绿色建筑指南.pdf,yes,file_name,"text_quality,page_count,sample_text_chars_first_3_pages,inventory_source_path"
,HVAC控制简介.pdf,no,,
,HVAC操作员课程补充材料.pdf,no,,
,HVAC系统分析和能源审计.pdf,no,,
,HVAC系统培训总结.pdf,no,,
,HVAC系统基础知识.pdf,no,,
doc_hvac_efficiency_maintenance_authority,HVAC系统效率和维护最佳实践.pdf,yes,file_name,"text_quality,page_count,sample_text_chars_first_3_pages,inventory_source_path"
doc_ashrae_guideline_36_authority,HVAC系统高性能运行序列指南.pdf,yes,file_name,"text_quality,page_count,sample_text_chars_first_3_pages,inventory_source_path"
,HVAC负荷计算.pdf,no,,
,HVAC配电系统设计.pdf,no,,
,Jan Hensen - 建筑环境模拟.pdf,no,,
,供暖通风和空调系统.pdf,no,,
,供水系统设计基础.pdf,no,,
,供水系统设计基础_part001.pdf,no,,
,供水系统设计基础_part002.pdf,no,,
,建筑性能模拟设计和操作.pdf,no,,
,建筑性能模拟设计和操作_part001.pdf,no,,
,建筑性能模拟设计和操作_part002.pdf,no,,
,建筑性能模拟设计和操作_part003.pdf,no,,
,建筑性能模拟设计和操作_part004.pdf,no,,
,暖通空调基础知识.pdf,no,,
,楼宇自动化系统和冷水机组管理.pdf,no,,
doc_06f8fa1cac644fe2,空调 系统 设计 手册 Ashrae 特别 出版物.pdf,yes,file_name,"text_quality,page_count,sample_text_chars_first_3_pages,inventory_source_path"
,蒸汽压缩循环原理.pdf,no,,
,2008版大金空调案例排除手册.docx,no,,
,VRV3实用维修技术.ppt,no,,
,大金 VRV 根据故障代码（排除故障方法）.pdf,no,,
,大金CMS中央空调 RZP系列的故障代码.txt,no,,
,大金FVY125空调参数.doc,no,,
,大金RY-71、125柜式空调维修故障代码.doc,no,,
,大金VRV3#CMS实用维修技术.ppt,no,,
,大金VRV410a变频多联机开机调试流程43页.ppt,no,,
,大金VRVR410a系列调试流程+故障代码43页.ppt,no,,
,大金VRVⅢ安装调试维修培训教材.ppt,no,,
,大金VRVⅢ安装调试维修培训教材139页.ppt,no,,
,大金VRV中央空调维修知识.doc,no,,
,大金VRV中央空调维修资料.doc,no,,
,大金VRV和中央空调水系统比较.ppt,no,,
,大金VRV空调故障排除案例.ppt,no,,
,大金VRV综合设计方案讲座.ppt,no,,
,大金i系列单螺杆冷水机组新产品介绍51页.ppt,no,,
,大金冷水机维修培训资料（113页）.pdf,no,,
,大金冷水机维修资料.doc,no,,
,大金压缩机组维修资料.doc,no,,
,大金家用中央空调总目录电子样本.pdf,no,,
,大金家用变频空调系列故障代码.docx,no,,
,大金故障案例排除99页.ppt,no,,
,大金故障诊断与检修.pdf,no,,
,大金故障诊断与检修培训.pdf,no,,
,大金空调三管制VRV安装-调试35页.pdf,no,,
,大金空调三管制详解培训.pdf,no,,
,大金空调三管制配管原则.pdf,no,,
,大金空调使用手册.docx,no,,
,大金空调故障判断与检修方法-54页.pdf,no,,
,大金空调新冷媒机种说明.ppt,no,,
,大金空调案例排除手册2008版77页.docx,no,,
,大金自控IMANGER2培训课程.ppt,no,,
,大金调试流程+故障代码.ppt,no,,
,【大金 】VRV3 CMS 多联机实用维修技术（175页）制冷百家网.pdf,no,,
,【大金 】大金VRV D系列多联机技术手册制冷百家网.pdf,no,,
,【大金 】大金VRV X系列多联机技术手册制冷百家网.pdf,no,,
,【大金 】大金VRVⅢ安装调试维修培训（139页）制冷百家网.pdf,no,,
,【大金 】大金多联机计费系统iManager操作手册制冷百家网.pdf,no,,
,【大金】  VRV变频控制系统空调机安装手册（合订本）（233页）制冷百家网.pdf,no,,
,【大金】 EMAX25_35_50家用机 技术资料 （86页）制冷百家网.pdf,no,,
,【大金】 EMAX_FVY家用柜机机 技术资料（96页）制冷百家网.pdf,no,,
,【大金】 VRV设备选型用数据手册（302页）制冷百家网.pdf,no,,
,【大金】 家用 iLife 系列VRV系统 技术资料（180页）制冷百家网.pdf,no,,
,【大金】CUW、ZUW系列水冷机组维修资料制冷百家网.pdf,no,,
,【大金】CUW单螺杆水冷机维修手册（196页）制冷百家网.pdf,no,,
,【大金】EEHS系列冷暖技术手册制冷百家网.pdf,no,,
,【大金】HRV全热交换器使用说明书制冷百家网.pdf,no,,
,【大金】RHXY、RCXY系列VRV3使用说明书制冷百家网.pdf,no,,
,【大金】RHXY、RCXY系列VRV3安装说明书制冷百家网.pdf,no,,
,【大金】RXY系列冷暖型VRV3维修技术手册（370页）制冷百家网.pdf,no,,
,【大金】RXY系列冷暖型空调机维修手册（375页）.pdf,no,,
,【大金】R系列空调技术维修手册制冷百家网.pdf,no,,
doc_56b94dfc2a904767,【大金】UWY风冷冷水机组使用说明书（61页）制冷百家网.pdf,yes,file_name,"text_quality,page_count,sample_text_chars_first_3_pages,inventory_source_path"
,【大金】VRV A系列智能化中央空调系统样本.pdf,no,,
,【大金】VRV X全直流变频多联机样本.pdf,no,,
,【大金】VRV X多联机技术手册（80页）.pdf,no,,
,【大金】VRV-Q 系列多联机维修手册（208页）制冷百家网.pdf,no,,
,【大金】VRV3 R410A冷暖型空调机维修手册（375页）.pdf,no,,
,【大金】VRVQ多联机技术手册（48页）制冷百家网.pdf,no,,
,【大金】VRVⅢ-全变频 维修技术手册（248页）制冷百家网.pdf,no,,
,【大金】VRV无线遥控器使用说明书制冷百家网.pdf,no,,
,【大金】VRV自由冷暖变频空调技术手册（39页）制冷百家网.pdf,no,,
,【大金】二级压缩VRV样本手册制冷百家网.pdf,no,,
,【大金】全新三管制VRV系列技术手册制冷百家网.pdf,no,,
,【大金】分体式商用 FDY8-20HP 系列技术手册（133页）制冷百家网.pdf,no,,
,【大金】分体式商用 FVY8-20HP 技术手册（116页）制冷百家网.pdf,no,,
,【大金】分体式商用直流变速FCY FBY FVY 技术资料 （114页）制冷百家网.pdf,no,,
,【大金】压缩机维修手册（141页）制冷百家网.pdf,no,,
,【大金】同时运转多联机系统技术资料 （38页）制冷百家网.pdf,no,,
,【大金】多功能VRV样册制冷百家网.pdf,no,,
,【大金】多功能VRV样本手册制冷百家网.pdf,no,,
,【大金】控制产品知识手册（44页）制冷百家网.pdf,no,,
,【大金】水源热泵VRV技术样本手册制冷百家网.pdf,no,,
doc_b781786e2cb74c74,【大金】空调故障代码一览表（2012版本）制冷百家网.pdf,yes,file_name,"text_quality,page_count,sample_text_chars_first_3_pages,inventory_source_path"
,2016年格力中央空调各系列最新价格表.docx,no,,
,四川格力售后公司空气能热水机技术通知(1).doc,no,,
,家用直流变频空调维修.ppt,no,,
,最新格力中央空调产品故障显示代码表.doc,no,,
,格力2012年商用空调维修故障代码及原因.doc,no,,
,格力GMV5安装调试部分--调试部分104页.pdf,no,,
,格力中央空调GMV5多联机组室内机.ppt,no,,
,格力中央空调产品故障显示代码表.doc,no,,
,格力中央空调变频多联系统机报价单.docx,no,,
,格力中央空调工程设计安装规范(多联机组).ppt,no,,
,格力中央空调工程设计安装规范(多联机组)20121112-1.ppt,no,,
,格力中央空调报价表(1).xls,no,,
,格力中央空调方案书.doc,no,,
,格力中央空调维修清洗步骤.doc,no,,
,格力变频空调产品培训知识.ppt,no,,
,格力变频空调售后技术培训资料.ppt,no,,
,格力变频空调维修专用手册(内部用).pdf,no,,
,格力变频空调维修技术培训手册.pdf,no,,
,格力变频空调维修指南.ppt,no,,
,格力多联机安装培训.ppt,no,,
,格力家用中央空调H系列多联机维修指导.pdf,no,,
,格力家用中央空调内部培训资料.pdf,no,,
,格力家用空调维修技术.pdf,no,,
,格力直流变频控制原理104页.pdf,no,,
,格力离心式冷水机组技术服务手册.pdf,no,,
,格力空调故障代码.doc,no,,
,格力空调故障代码及维修解决方案大全.doc,no,,
,格力空调故障代码集.doc,no,,
,格力空调系列变频机维修指引与故障检测故障代码表.doc,no,,
,空调维修教程.doc,no,,
,风管机设计选型(格力).ppt,no,,
doc_99fc08961aa540f4,【格力】C系列离心式冷水机组技术手册（69页）-.pdf,yes,file_name,"text_quality,page_count,sample_text_chars_first_3_pages,inventory_source_path"
doc_dcf25b0eb7fc4c75,【格力】C系列离心式冷水机组技术服务手册（69页）-.pdf,yes,file_name,"text_quality,page_count,sample_text_chars_first_3_pages,inventory_source_path"
,【格力】GMV5、GMV5S直流变频多联机组安装·调试·维修手册（167页）-制冷百家网.pdf,no,,
,【格力】GMV5直流变频多联机技术手册（518页）-.pdf,no,,
,【格力】GMV多联机安装与维修手册-.pdf,no,,
,【格力】GMV格力家用多联机技术手册（222页）-.pdf,no,,
,【格力】GMV超级变频多联空调设计选型手册-.pdf,no,,
,【格力】H多联机电气检修手册（42页）-.pdf,no,,
doc_98015153b0e642eb,【格力】LHD 系列水冷冷水螺杆机组技术服务手册（88页）-.pdf,yes,file_name,"text_quality,page_count,sample_text_chars_first_3_pages,inventory_source_path"
,【格力】LH系列螺杆式水冷冷水机组技术手册.doc,no,,
,【格力】free直变分体系列空调维修手册.pdf,no,,
doc_4e2320e9f928474e,【格力】中央空调 MB 系列模块式风冷冷（热）水机组手册-.pdf,yes,file_name,"text_quality,page_count,sample_text_chars_first_3_pages,inventory_source_path"
doc_cf05c84bb4544d7d,【格力】中央空调水冷柜机技术服务手册76页-.pdf,yes,file_name,"text_quality,page_count,sample_text_chars_first_3_pages,inventory_source_path"
,【格力】中央空调设计选型手册（610页）-.pdf,no,,
doc_4329d1f7db334fa7,【格力】中央空调风冷柜机技术服务手册(105页)-.pdf,yes,file_name,"text_quality,page_count,sample_text_chars_first_3_pages,inventory_source_path"
,【格力】变频空调维修专用手册（182页）-.pdf,no,,
,【格力】多联机电气维修技术手册（42页）-.pdf,no,,
,【格力】好易控集中控制器使用手册.doc,no,,
,【格力】家用GMV多联机技术手册（220页）-.pdf,no,,
,【格力】家用H系列多联机维修指导手册-.pdf,no,,
,【格力】家用中央空调售后维修指导手册（电控部分）-.pdf,no,,
,【格力】家用中央空调安装手册-.pdf,no,,
,【格力】智能多联机技术服务手册（186页）-.pdf,no,,
doc_265123720fc94c35,【格力】模块式风冷冷(热)水机组技术手册（67页）-.pdf,yes,file_name,"text_quality,page_count,sample_text_chars_first_3_pages,inventory_source_path"
doc_37109bd2df4547e4,【格力】模块风冷冷水机组控制系统手册-.pdf,yes,file_name,"text_quality,page_count,sample_text_chars_first_3_pages,inventory_source_path"
doc_d4d32488171c4acd,【格力】风管机技术服务手册（160页）.pdf,yes,file_name,"text_quality,page_count,sample_text_chars_first_3_pages,inventory_source_path"
,005开利控制产品基础培训.pptx,no,,
,1、开利空调系统介绍-(1).ppt,no,,
,1、开利空调系统介绍-(2).ppt,no,,
,1、开利空调系统介绍-(4).ppt,no,,
,1、开利空调系统介绍-(5).ppt,no,,
,1、开利空调系统介绍-(6).ppt,no,,
,30RBRQ017-033培训资料.pdf,no,,
,ZYZL1-4-22-03-05-开利冷水机组维护.ppt,no,,
,培训资料开利19XR-离心式冷水机.ppt,no,,
,开利30HXC-压缩机.ppt,no,,
,开利30HXC螺杆式冷水机组内部培训材料.ppt,no,,
,开利30HXC零件图示.pdf,no,,
,开利30RA-RH007-013型机组培训资料.pdf,no,,
,开利30RA-RH培训资料.ppt,no,,
,开利GMC培训资料.pdf,no,,
,开利一拖多培训资料.ppt,no,,
,开利中央空调系统介绍.ppt,no,,
,开利冷水机组培训PPT教材.ppt,no,,
,开利离心机组培训.ppt,no,,
,开利离心机组的介绍结构原理.ppt,no,,
,开利空调系统介绍 (2).ppt,no,,
,开利螺杆式冷水机组内部培训材料.ppt,no,,
,开利螺杆式冷水机组培训 (1).ppt,no,,
,开利螺杆式冷水机组培训.ppt,no,,
,开利螺杆式冷水机组培训2.ppt,no,,
,开利螺杆式冷水机组培训3.ppt,no,,
,【开利】16DNH溴化锂机组产品手册-制冷百家网.pdf,no,,
,【开利】16DN直燃型溴化锂机组开机运行及维护手册（89页）-制冷百家网.pdf,no,,
doc_d2b4895c256746c0,【开利】19XL+离心式冷水机组开机操作及维护手册（94页）-制冷百家网.pdf,yes,file_name,"text_quality,page_count,sample_text_chars_first_3_pages,inventory_source_path"
doc_4cadfc2b553b4947,【开利】19XL+离心式冷水机组（94页）-制冷百家网.pdf,yes,file_name,"text_quality,page_count,sample_text_chars_first_3_pages,inventory_source_path"
doc_8398caf2c686479a,【开利】19XL-离心式冷水机组开机运行及维护说明书94页-制冷百家网.pdf,yes,file_name,"text_quality,page_count,sample_text_chars_first_3_pages,inventory_source_path"
,【开利】19XR 系列样本手册-制冷百家网.pdf,no,,
,【开利】19XRD 系列样本手册-制冷百家网.pdf,no,,
,"【开利】19XRE,19XREV离心机开机运行及维护手册129页-制冷百家网.pdf",no,,
,【开利】19XRXRV开机运行维护手册-制冷百家网.pdf,no,,
doc_9b605adc3a4b45cb,【开利】19XR离心式冷水机组开机运行维护说明书-制冷百家网.pdf,yes,file_name,"text_quality,page_count,sample_text_chars_first_3_pages,inventory_source_path"
doc_55e5ec4e4ee84e9a,【开利】19XR离心机开机运行维护说明书97页-制冷百家网.pdf,yes,file_name,"text_quality,page_count,sample_text_chars_first_3_pages,inventory_source_path"
,【开利】23XRV 系列样本手册-制冷百家网.pdf,no,,
doc_53c93cd27c09452f,【开利】30AQ开利风冷式热泵机组（28页）-制冷百家网.pdf,yes,file_name,"text_quality,page_count,sample_text_chars_first_3_pages,inventory_source_path"
,【开利】30GQ080-120安装开机及维修说明书-制冷百家网.pdf,no,,
,【开利】30GQ080-120安装开机及维修说明书28页-制冷百家网.pdf,no,,
,【开利】30HKHR 系列样本手册-制冷百家网.pdf,no,,
,【开利】30HXC-HM 系列样本手册-制冷百家网.pdf,no,,
,【开利】30HXC-HP 系列样本手册-制冷百家网.pdf,no,,
doc_5c833d18802144a2,【开利】30HXC-HP开机 运行维护手册79页-制冷百家网.pdf,yes,file_name,"text_quality,page_count,sample_text_chars_first_3_pages,inventory_source_path"
,【开利】30HXC-HR 系列样本手册-制冷百家网.pdf,no,,
,【开利】30HXC-开机运行维护手册-上海一冷开利空调设备有限公司.doc,no,,
,【开利】30HXC-高效型 系列样本手册-制冷百家网.pdf,no,,
,【开利】30HXC130A-400A螺杆机运行、维护手册-制冷百家网.pdf,no,,
,【开利】30HXC开机手册（39页）-制冷百家网.pdf,no,,
,【开利】30HXC开机运行维护手册（79页）-制冷百家网.pdf,no,,
,【开利】30HXC电气原理-制冷百家网.pdf,no,,
,【开利】30HXC螺杆冷水机组操作规程.doc,no,,
doc_cad865f4e87b453b,【开利】30HXY、HXC螺杆机开机、运行维护手册82页-制冷百家网.pdf,yes,file_name,"text_quality,page_count,sample_text_chars_first_3_pages,inventory_source_path"
,【开利】30RA RH电气手册(55页）-制冷百家网.pdf,no,,
,【开利】30RARH040A-240A电气手册（52页）-制冷百家网.pdf,no,,
doc_bfa339f70e374c4e,【开利】30RB192-802涡旋式风冷冷水机组开机运行维护手册43页-制冷百家网.pdf,yes,file_name,"text_quality,page_count,sample_text_chars_first_3_pages,inventory_source_path"
,【开利】30RB30RQ039-160电气手册（39页）-制冷百家网.pdf,no,,
,【开利】30RB、RQ 电气手册54页-制冷百家网.pdf,no,,
,【开利】30SHP开机运行维护手册.doc,no,,
doc_4525eebb65cf4a68,【开利】30XAXQ 螺杆式风冷冷水(热泵)机组开机运行维护手册62页-制冷百家网.pdf,yes,file_name,"text_quality,page_count,sample_text_chars_first_3_pages,inventory_source_path"
doc_5baf82be74f041f0,【开利】30XAXQ开机运行维护手册-制冷百家网.pdf,yes,file_name,"text_quality,page_count,sample_text_chars_first_3_pages,inventory_source_path"
,【开利】30XAXQ运行维护手册.doc,no,,
,【开利】30XQ 系列样本手册-制冷百家网.pdf,no,,
,【开利】30XW 系列样本手册-制冷百家网.pdf,no,,
,【开利】P-Aquasnap-1002-04(L) 系列样本手册-制冷百家网.pdf,no,,
,【开利】T-30RBRQ-1004-10 系列样本手册-制冷百家网.pdf,no,,
,【开利】T-30XA-1004-05 系列样本手册-制冷百家网.pdf,no,,
,【开利】T-NGA-1003-02 系列样本手册-制冷百家网.pdf,no,,
doc_310a78e42c9b4312,【开利】中央空调30AQ风冷式热泵机组安装维修手册（28页）-制冷百家网.pdf,yes,file_name,"text_quality,page_count,sample_text_chars_first_3_pages,inventory_source_path"
,【开利】中央空调30RB、30RQ电气维修手册（39页）-制冷百家网.pdf,no,,
,【开利】中央空调AQUASNAP电气手册(55页）-制冷百家网.pdf,no,,
,【开利】冷水机组_30HXC开机手册-制冷百家网.pdf,no,,
,【开利】冷水机组_30HXC开机手册2018版（74页）-制冷百家网.pdf,no,,
,轻商产品手册.pdf,no,,
,19XR.pdf,no,,
,19XRD.pdf,no,,
,23XRV.pdf,no,,
,30HKHR.pdf,no,,
,30HXC-HM.pdf,no,,
,30HXC-HP.pdf,no,,
,30HXC-HR.pdf,no,,
,30HXC-高效型.pdf,no,,
,30XW.pdf,no,,
,30XQ.pdf,no,,
,P-Aquasnap-1002-04(L).pdf,no,,
,T-30RBRQ-1004-10.pdf,no,,
,T-30XA-1004-05.pdf,no,,
,T-NGA-1003-02.pdf,no,,
,16DEDEH.pdf,no,,
,16DN.pdf,no,,
,16JLJLR.pdf,no,,
,35E.pdf,no,,
,39CBF39CBFI.pdf,no,,
,39G.pdf,no,,
,39GI.pdf,no,,
,39XT.pdf,no,,
,42CE(简).pdf,no,,
,42CN(简).pdf,no,,
,42CWCH.pdf,no,,
,42GWC.pdf,no,,
,45JM.pdf,no,,
,BF.pdf,no,,
,BFP(X).pdf,no,,
,DBFP(X).pdf,no,,
,38DS+42CS40GF.pdf,no,,
,40HQA+30RARH.pdf,no,,
,42CXH+38GLYL.pdf,no,,
,42GKX+38GLYL.pdf,no,,
,AQUASNAP.pdf,no,,
,开利30RB_RQ模块式风冷涡旋冷水_热泵机组样本.pdf,no,,
,开利商业用空调产品手册.pdf,no,,
,开利商用中央空调机组_样本.pdf,no,,
,开利炫动力直流变频多联机样本.pdf,no,,
doc_2c7c71a4cf884594,【约克】离心冷水机组培训.pdf,yes,file_name,"text_quality,page_count,sample_text_chars_first_3_pages,inventory_source_path"
,约克-特灵-开利-麦克维尔离心机.ppt,no,,
,约克冷水机组系统组成.ppt,no,,
,约克变频多联机ppt.pdf,no,,
,约克工业冷冻用户培训课程.ppt,no,,
,约克广州厂冷水机组安装示意图.ppt,no,,
,约克水冷螺杆冷水机组运行与维护.doc,no,,
,约克水冷螺杆式冷水机组PPT.ppt,no,,
,约克离心式冷水机组控制面板常见的停机故障及其可行的解决办法.docx,no,,
,约克离心机培训教材图文.ppt,no,,
,约克离心机常见停机故障及解决方法.ppt,no,,
,约克离心机油路.doc,no,,
,约克空调-故障的分析与解决方法.doc,no,,
,YBDB.pdf,no,,
,YK.2011.2.14.pdf,no,,
,运营商案例及项目.xls,no,,
,项目类型及实例简介.doc,no,,
,YAH-SC-090407.pdf,no,,
,YAR_SC_2007-12.pdf,no,,
,YDFC_SC_2006-12.pdf,no,,
,YGFC-SC-G-2008-12.pdf,no,,
,YSE-HD&VD-20090108.pdf,no,,
,YSE-HS&VS-20090108.pdf,no,,
,YSM Handbook 081128.pdf,no,,
,YSM-2009.02.16.pdf,no,,
,YEWS-D-090217.pdf,no,,
,YEWS-HP 2009 2026.pdf,no,,
,YK DPC_0110SC.pdf,no,,
,YK-090306.pdf,no,,
,YLBC 0905.pdf,no,,
,YR_Cat_SC_20100104.pdf,no,,
,YR_SC_20070212.pdf,no,,
,YS-200807.pdf,no,,
,YS-HP-2008-05-08.pdf,no,,
,YSD-2008-11-27.pdf,no,,
,约克-中央空调设备选型及设计手册.pdf,no,,
,约克CYK地源离心热泵（大冷量）..pdf,no,,
,约克YAH吊顶空调箱..pdf,no,,
,约克YEAS风冷螺杆热泵..pdf,no,,
,约克YEWS水冷螺杆机（100－250RT）..pdf,no,,
,约克YSE标准空调箱..pdf,no,,
,约克YSM组合式空调箱.pdf,no,,
,约克模块式风冷冷水机组_空气源热泵机组样本.pdf,no,,
,约克螺杆机YR.pdf,no,,
,约克风机盘管样本.pdf,no,,
,YAEP_SC_2007.pdf,no,,
,YCAB-C-151007.pdf,no,,
,YEAS-B_SC_2007%2007%2025.pdf,no,,
,YGAS Catalogue_C_090205.pdf,no,,
,YLAA%20Catalogue_090114.pdf,no,,
,【约克】R134a YK系列 离心式冷水机组-操作维护手册（51页）-制冷百家网.pdf,no,,
doc_76368357a4ef4f41,【约克】RWB-Ⅱ螺杆压缩机机组安装操作维护手册（56页）-制冷百家网.pdf,yes,file_name,"text_quality,page_count,sample_text_chars_first_3_pages,inventory_source_path"
doc_2d98330b397f43ba,【约克】RWBⅡ 旋转式螺杆机组安装操作维护(92页）-制冷百家网.pdf,yes,file_name,"text_quality,page_count,sample_text_chars_first_3_pages,inventory_source_path"
doc_dbf54c7b3f244b28,【约克】RWF2螺杆式机组安装运行维护手册（80页）-制冷百家网.pdf,yes,file_name,"text_quality,page_count,sample_text_chars_first_3_pages,inventory_source_path"
doc_020eb9eaaa8f47ec,【约克】RWF螺杆压缩机组100-480安装、操作、维护手册（47页）-制冷百家网.pdf,yes,file_name,"text_quality,page_count,sample_text_chars_first_3_pages,inventory_source_path"
,【约克】RWKII盐水机组冰机安装、运行、维护手册（34页）-制冷百家网.pdf,no,,
,【约克】YBDB分体式风管空调安装维护说明-制冷百家网.pdf,no,,
,【约克】YBWC约克水冷螺杆式冷水机组安装操作维护手册（42页）-制冷百家网.pdf,no,,
,【约克】YBW水冷柜式空调安装、操作和维护手册（26页）-制冷百家网.pdf,no,,
doc_d6f783e917924597,【约克】YCAB风冷涡旋冷水热泵机组安装操作维护手册（48页）-制冷百家网.pdf,yes,file_name,"text_quality,page_count,sample_text_chars_first_3_pages,inventory_source_path"
doc_7bde83276c474c9d,【约克】YCAE  模块式风冷热泵机组安装、操作和维护手册（58页）-制冷百家网.pdf,yes,file_name,"text_quality,page_count,sample_text_chars_first_3_pages,inventory_source_path"
doc_9ec60c2c62844c85,【约克】YCAE-B模块式风冷涡旋（59页）（08年后生产的适用）-制冷百家网.pdf,yes,file_name,"text_quality,page_count,sample_text_chars_first_3_pages,inventory_source_path"
,【约克】YCAE模块冷水机组系列操作手册-制冷百家网.pdf,no,,
,【约克】YDOH-B数码涡旋多联维修手册（178页）-制冷百家网.pdf,no,,
,【约克】YEAP控制系统操作手册（77页）-制冷百家网.pdf,no,,
,【约克】YEAS+螺杆式空气源热泵控制系统和电气维修手册（69页）-制冷百家网.pdf,no,,
,【约克】YEWS-C水冷螺杆式冷水机组维修手册（52页）-制冷百家网.pdf,no,,
,【约克】YEWS-E-TANDEM-安装操作维护手册-CN-0714-制冷百家网.pdf,no,,
,【约克】YEWS-E-双机头安装操作维护手册(0714)-制冷百家网.pdf,no,,
,【约克】YGCC 风管式空调维修手册 （53页）-制冷百家网.pdf,no,,
,【约克】YGCC风管机维修手册-制冷百家网.pdf,no,,
doc_f41c2e1c77e049fa,【约克】YHAC-B风冷空气源热泵机安装调试与维护手册（33页）-制冷百家网.pdf,yes,file_name,"text_quality,page_count,sample_text_chars_first_3_pages,inventory_source_path"
doc_4aa04e8392ec4981,【约克】YK系列离心机操作维护手册（123页）-制冷百家网.pdf,yes,file_name,"text_quality,page_count,sample_text_chars_first_3_pages,inventory_source_path"
doc_76abe7d1509f4c4b,【约克】YMAC风冷冷水热泵机组维修手册（46页）-制冷百家网.pdf,yes,file_name,"text_quality,page_count,sample_text_chars_first_3_pages,inventory_source_path"
,【约克】YS（E）显示屏操作指导手册（80页）-制冷百家网.pdf,no,,
,【约克】多联机YDOH-C-01(安装手册)-制冷百家网.pdf,no,,
doc_7deb23bf02784a5b,【约克】离心冷水机组培训手册-制冷百家网.pdf,yes,file_name,"text_quality,page_count,sample_text_chars_first_3_pages,inventory_source_path"
doc_1f7a392bdd7b4e4c,【约克】风冷冷水机组YCAC，YMAC，YSAC通用控制器使用手册3.0.pdf,yes,file_name,"text_quality,page_count,sample_text_chars_first_3_pages,inventory_source_path"
,TRANE空调维修员手册.ppt,no,,
,TRANE空调维修员手册90页.ppt,no,,
,特灵530RTHD内部培训资料一.pdf,no,,
,特灵530RTHD内部培训资料二.pdf,no,,
,特灵530三级离心培训教材22页.pdf,no,,
,特灵CVGH离心机螺杆机资拆机料.pdf,no,,
,特灵CVHE离心机组_《现场培训手册》22页.pdf,no,,
,特灵CXAH-CGAH机组-《调试控制资料》.pdf,no,,
,特灵HWWD-系统结构介绍.ppt,no,,
,特灵RTHD-ZX水冷冷水机组.ppt,no,,
,特灵RTHD离心机组抽气装置54页.pdf,no,,
,特灵RTHD螺杆机操作.ppt,no,,
,特灵VAV原理结构控制介绍.ppt,no,,
,特灵三级离心机组UC800操作指南.ppt,no,,
,特灵中央空调冷媒机组介绍.pptx,no,,
,特灵中央空调机组RTHD详细介绍.ppt,no,,
,特灵中央空调节能系统设计培训.pdf,no,,
,特灵冷水机组培训.pdf,no,,
,特灵冷水机组培训维修手册.pdf,no,,
,特灵冷水机组教育训练.ppt,no,,
,特灵官方通知-停产RTHA控制面板升级介绍.pdf,no,,
,特灵暖通空调系统设计指南.pdf,no,,
,特灵机组更换润滑油及油过滤器.ppt,no,,
,特灵离心式水冷冷水机培训80页.pdf,no,,
,特灵离心机介绍.ppt,no,,
,特灵空调冰蓄冷系统-中央空调节能系统设计指南三.pdf,no,,
,特灵空调培训教材.ppt,no,,
,特灵空调培训教材螺杆式.ppt,no,,
,特灵空调自控系统培训资料.pdf,no,,
,特灵空调自控系统培训资料60页.pdf,no,,
,特灵空调设备选型.ppt,no,,
,特灵螺杆压缩机拆卸.ppt,no,,
,特灵螺杆式水冷冷水机组培训教材.pdf,no,,
,特灵螺杆机空调培训教材56页.pdf,no,,
,TRANE_一次泵变流量系统.pdf,no,,
,20130617 水冷螺杆式冷（热）水机组 RTWS-SLB001-ZH.pdf,no,,
,20140414 RTWH水地源热泵机组RTWH-SLB001-ZH.pdf,no,,
,20140529 RTXA+系列风冷螺杆式热泵机组 RTXA-PRC001-ZH.pdf,no,,
,20141017 RTHE HE灵越系列 水冷螺杆式冷水机组  RTHG-SLB001-ZH.pdf,no,,
,20141017 RTXC螺杆式风冷热泵机组 RLC-SLB033-ZH.pdf,no,,
,20141020 RTAC 螺杆式风冷冷水机组RTAC-SLB002-ZH.pdf,no,,
,CTV三级压缩离心机2012样本.pdf,no,,
,RTHD水冷螺杆式冷水机组RTHD-SLB002-ZH 20141209.pdf,no,,
,RTWD水冷螺杆式冷水机组 RLC-PRC034-ZH  20141020.pdf,no,,
,特灵CGAM catalog.pdf,no,,
,2015010703807807——CGHR16DN.pdf,no,,
,page1_image1.jpg,no,,
,page2_image1.jpg,no,,
,2015010703807811——CGHR16BN.pdf,no,,
,page1_image1.jpg,no,,
,page2_image1.jpg,no,,
,2015010703807814——CGHR14BN.pdf,no,,
,page1_image1.jpg,no,,
,page2_image1.jpg,no,,
,2015010703807816——CGHR09BN.pdf,no,,
,page1_image1.jpg,no,,
,page2_image1.jpg,no,,
,2015010703807922——CGHR12BN.pdf,no,,
,page1_image1.jpg,no,,
,page2_image1.jpg,no,,
,CGHR09.pdf,no,,
,page1_image1.tif,no,,
,page2_image1.tif,no,,
,page3_image1.tif,no,,
,page4_image1.tif,no,,
,page5_image1.tif,no,,
,page6_image1.tif,no,,
,page7_image1.tif,no,,
,CGHR12.pdf,no,,
,CGHR14.pdf,no,,
,CGHR16.pdf,no,,
,AquaKool风冷冷水（热泵）机组CGHR-PRC002A-ZH 20151124.pdf,no,,
,AquaKool风冷冷水（热泵）机组CGHR-PRC002A-ZH 20151124.xlsx,no,,
,AquaKool IOM.pdf,no,,
,AquaKool 直流变频风冷冷水(热泵)机组 sales ppt.pptx,no,,
,AquaKool产品介绍.pptx,no,,
,CGHR-SLB002-ZH AquaKool 直流变频风冷冷水(热泵)机组.pdf,no,,
,AquaKool技术标模板.docx,no,,
,20160818104052082_0008.tif,no,,
,20160818104052082_0009.tif,no,,
,20160818104052082_0010.tif,no,,
,20160818104052082_0011.tif,no,,
,20160818104052082_0012.tif,no,,
,20160818104052082_0013.tif,no,,
,20160818104052082_0014.tif,no,,
,20160818104052082_0015.tif,no,,
,20160818104052082_0016.tif,no,,
,20160818104052082_0017.tif,no,,
,20160818104052082_0018.tif,no,,
,20160818104052082_0019.tif,no,,
,20160818104052082_0020.tif,no,,
,20160818104052082_0021.tif,no,,
,20160818104052082_0022.tif,no,,
doc_ced95095a3c74169,风冷冷水(热泵)机组06001-2015LK1867--CGHR16DHAR--A2015CCC0703-2136935.pdf,yes,file_name,"text_quality,page_count,sample_text_chars_first_3_pages,inventory_source_path"
doc_d91d6f2fd782435a,风冷冷水(热泵)机组06001-2015LK1868--CGHR16BNAR--A2015CCC0703-2136902.pdf,yes,file_name,"text_quality,page_count,sample_text_chars_first_3_pages,inventory_source_path"
doc_66f21cfe6cf04ac1,风冷冷水(热泵)机组06001-2015LK1869--CGHR14BNAR--A2015CCC0703-2136901.pdf,yes,file_name,"text_quality,page_count,sample_text_chars_first_3_pages,inventory_source_path"
doc_9650969ce6cb4585,风冷冷水(热泵)机组06001-2015LK1870--CGHR12BNAR--A2015CCC0703-2136900 (1).pdf,yes,file_name,"text_quality,page_count,sample_text_chars_first_3_pages,inventory_source_path"
doc_f981b97d70114c28,风冷冷水(热泵)机组06001-2015LK1871--CGHR09BNAR--A2015CCC0703-2136899.pdf,yes,file_name,"text_quality,page_count,sample_text_chars_first_3_pages,inventory_source_path"
,AquaKool主要零配件清单.xls,no,,
,风冷冷水（热泵）空调热水机组CGHR09BHER_2015010703767898.PDF,no,,
,风冷冷水（热泵）空调热水机组CGHR12BHER_2015010703767895.PDF,no,,
,风冷冷水（热泵）空调热水机组CGHR14BHER_2015010703767744.PDF,no,,
,风冷冷水（热泵）空调热水机组CGHR16BHER_2015010703768087.PDF,no,,
,风冷冷水（热泵）空调热水机组CGHR16DHER_2015010703767604.PDF,no,,
,CGHR-PRC001A-ZH AquaTrine风冷冷水（热泵）空调热水机组.pdf,no,,
,CGHR-PRC001A-ZH AquaTrine风冷冷水（热泵）空调热水机组.xlsx,no,,
,Aquatrine IOM.pdf,no,,
,AquaTrine产品特点精要简介.pdf,no,,
,AquaTrine产品特点精要简介.ppt,no,,
,Aquatrine系统介绍.pptx,no,,
,CGHR-SLB001-ZH 家用变频中央空调三合一机组（地暖、空调及热水）brochure.pdf,no,,
,CGHR-SLB001A-ZH 家用变频中央空调三合一机组（地暖、空调及热水） 折页A.pdf,no,,
,CGHR-SLB001B-ZH 家用变频中央空调三合一机组（地暖、空调及热水）折页B.pdf,no,,
,AquaTrine技术标模板.docx,no,,
,风冷冷水（热泵）空调热水机组2015JC12--CGHR16DH.pdf,no,,
,风冷冷水（热泵）空调热水机组2015JC13--CGHR12BH.pdf,no,,
,风冷冷水（热泵）空调热水机组2015JC14--CGHR09BH.pdf,no,,
,风冷冷水（热泵）空调热水机组2015JC15--CGHR16BH.pdf,no,,
,风冷冷水（热泵）空调热水机组2015JC16--CGHR14BH.pdf,no,,
,AquaTrine主要零配件清单.xls,no,,
,2013010703591122.pdf,no,,
,2013010703591123.pdf,no,,
,2013010703591124.pdf,no,,
,2013010703591125.pdf,no,,
,2013010703598854.pdf,no,,
,2013010703598855.pdf,no,,
,CGAR0305R_2012LK1851.tif,no,,
,CGAR0306R_2012LK1850.tif,no,,
,CGAR0505R_2012LK1849.tif,no,,
,CGAR0605R_2013LK048.tif,no,,
,CGAR0606R_2012LK1848.tif,no,,
,CGAR0755R_2013LK049.tif,no,,
,CGAR1005R_2013LK050.tif,no,,
,CGAR1205R_2013LK2239.tif,no,,
,CGAR1505R_2013LK051.tif,no,,
,CGAR2005R_2013LK047.tif,no,,
,Koolman风冷热泵机组比较.pptx,no,,
,20140926 Koolman风冷冷水机组.pptx,no,,
,PKGP-SLB013-ZH Koolman风冷冷水（热泵）机组系列.pdf,no,,
,PKGP-PRC005-ZH Aquassey风冷式冷水(热泵)机组 .pdf,no,,
,PKGP-PRC005-ZH Aquassey风冷式冷水(热泵)机组 .xlsx,no,,
,PKGP-PRC006-ZH Split-Koolman风冷式冷水(热泵)机组 R22.pdf,no,,
,PKGP-PRC006-ZH Split-Koolman风冷式冷水(热泵)机组 R22.xlsx,no,,
,PKGP-PRC017-ZH koolman风冷式冷水(热泵)机组 技术手册.pdf,no,,
,PKGP-PRC017-ZH koolman风冷式冷水(热泵)机组 技术手册.xlsx,no,,
,PKGP-PRC018-ZH Aquassey R410A-R407C风冷式冷水(热泵)机组   .pdf,no,,
,PKGP-PRC018-ZH Aquassey R410A-R407C风冷式冷水(热泵)机组   .xlsx,no,,
,Koolman技术标模板.docx,no,,
,Aquassey 主要零部件清单.xls,no,,
,Koolman 主要零配件清单.xls,no,,
,300054390300_02052015.pdf,no,,
,CGWP Product Catalogue.pdf,no,,
,HWWD-PRC001-ZH HWWD冷热水型水源热泵机组（热回收型）.pdf,no,,
,PKGP-PRC005-ZH Aquassey风冷式冷水(热泵)机组 .pdf,no,,
,PKGP-PRC006-ZH Split-Koolman风冷式冷水(热泵)机组 R22.pdf,no,,
,PKGP-PRC017-ZH koolman风冷式冷水(热泵)机组 技术手册.pdf,no,,
,PKGP-PRC018-ZH Aquassey R410A-R407C风冷式冷水(热泵)机组   .pdf,no,,
,WPWE-PRC001-ZH WPWE冷热水型水源热泵机组.pdf,no,,
,WSHP-PRC005-ZH GESB-分体式水源热泵机组.pdf,no,,
,CLCA系列组合式空气处理机组 CLCA-PRC001A-ZH 20150812.pdf,no,,
,CLCP系列组合式空气处理机组 CLCH-PRC010-ZH 20150813.pdf,no,,
,HFCF风机盘管机组 UNT-PRC010-ZH 20160607.pdf,no,,
,LPCQ空气处理机组 LPCQ-PRC001-ZH  20160323.pdf,no,,
,LWHA-Marvel水平吊顶式空气处理机组BC-PRC002-ZH 20141211.pdf,no,,
,特灵FCU.pdf,no,,
,特灵RTHD完全版060815改.pdf,no,,
,特灵RTWD水冷螺杆机组.pdf,no,,
,特灵_Aquastream_风冷式冷水(热泵)机组_CXAHCGAH_040-150_样本.pdf,no,,
,特灵一次泵变流量系统.pdf,no,,
,特灵三联供空调机.pdf,no,,
,特灵多联变频中央空调.pdf,no,,
,特灵小机组样本--样本410或22.pdf,no,,
,特灵样本trane_BDCC风管式空气处理机组.pdf,no,,
,特灵水冷涡旋机组操作手册_.pdf,no,,
,特灵水平吊顶式空气处理机组.pdf,no,,
,特灵水源热泵.pdf,no,,
,特灵离心式水冷冷水机.pdf,no,,
doc_3de7a62a022d4179,特灵空调安装操作维护手册.pdf,yes,sha256,"text_quality,page_count,sample_text_chars_first_3_pages,inventory_source_path"
,特灵组合式空气处理机组.pdf,no,,
doc_79a82f2fa930405b,特灵风冷热泵式冷水机组安装维修手册.pdf,yes,sha256,"text_quality,page_count,sample_text_chars_first_3_pages,inventory_source_path"
,特灵风机盘管技术资料(中文版).pdf,no,,
doc_0bee211ad4ce4c84,【特灵】Aquastream风冷式冷水（热泵）机组技术手册（42页）-制冷百家网.pdf,yes,file_name,"text_quality,page_count,sample_text_chars_first_3_pages,inventory_source_path"
doc_64dbf9bbb3424420,【特灵】CGAM风冷热泵机组技术手册（148页）-制冷百家网.pdf,yes,file_name,"text_quality,page_count,sample_text_chars_first_3_pages,inventory_source_path"
,【特灵】CGW系列水冷涡旋（33页）-制冷百家网.pdf,no,,
,【特灵】CTV-SVX02B、CH530-水冷冷水机组手册（192页）-制冷百家网.pdf,no,,
doc_883beab5e0004a2c,【特灵】CVGF 400-1000离心机操作维护手册（64页）-制冷百家网.pdf,yes,sha256,"text_quality,page_count,sample_text_chars_first_3_pages,inventory_source_path"
,【特灵】CVH(E)(F)(G)冷水机（106页）-制冷百家网.pdf,no,,
,【特灵】Coolman风冷热泵式冷水机组安装维修手册.pdf,no,,
doc_eed8b188951944fe,【特灵】HWWD水源热泵安装操作维护手册（56页）-制冷百家网.pdf,yes,file_name,"text_quality,page_count,sample_text_chars_first_3_pages,inventory_source_path"
,【特灵】Koolman系列风冷(热泵)式冷水机组（71页）-制冷百家网.pdf,no,,
doc_af1d95a941634286,【特灵】RTAC风冷螺杆式冷水机组技术手册（195页）-.pdf,yes,file_name,"text_quality,page_count,sample_text_chars_first_3_pages,inventory_source_path"
doc_dd692cebe0014eb2,【特灵】RTAC风冷螺杆机组安装操作维护手册（195页）-制冷百家网.pdf,yes,file_name,"text_quality,page_count,sample_text_chars_first_3_pages,inventory_source_path"
,【特灵】RTHD螺杆式水冷冷水机组技术手册（202页）-制冷百家网.pdf,no,,
,【特灵】R系列RTHE水冷螺杆式冷水机组手册（108页）-制冷百家网.pdf,no,,
,【特灵】Scenic变频多联机安装维护手册56页-制冷百家网.pdf,no,,
,【特灵】UCM-CLD控制器手册-制冷百家网.pdf,no,,
doc_03910d4628e94b79,【特灵】WPWE040-100热泵空调安装维护手册（32页）-制冷百家网.pdf,yes,file_name,"text_quality,page_count,sample_text_chars_first_3_pages,inventory_source_path"
,【特灵】三级离心机组样本资料手册-制冷百家网.pdf,no,,
,【特灵】中央空调综合服务手册（最新）-制冷百家网.pdf,no,,
,【特灵】中央空调节能系统（大温差）设计指南-制冷百家网.pdf,no,,
,【特灵】冰蓄冷系统设计手册（112页）-制冷百家网.pdf,no,,
,【特灵】冷水机组培训维修手册（159页）-制冷百家网.pdf,no,,
,【特灵】变频冷水机CGVR电气维修手册-制冷百家网.pdf,no,,
,【特灵】奥迪斯风管机空调安装操作维护手册（39页）.pdf,no,,
,【特灵】家用空调使用安装说明书（27页）-制冷百家网.pdf,no,,
,【特灵】水冷涡旋机组操作手册_-制冷百家网.pdf,no,,
doc_1034242278c9473a,【特灵】水源热泵空调wpwe技术手册-制冷百家网.pdf,yes,file_name,"text_quality,page_count,sample_text_chars_first_3_pages,inventory_source_path"
,【特灵】螺杆机控制器-RTHB-RTHC-RTHD-控制器手册.doc,no,,
,MAC风冷冷热水机组服务培训.ppt,no,,
,MDSD变频多联机电气.ppt,no,,
,MDSD变频多联机组的安装及调试.ppt,no,,
,MDS数码变容量多联机组与变频多联机技术.ppt,no,,
,McQuay 风冷螺杆热泵机组培训课件.ppt,no,,
,WSC安装维护界面.doc,no,,
,YCWF YCAE YCAG安装及调试规范-徐工.pptx,no,,
,YES安装及调试规范-Nick Zhao.ppt,no,,
,【麦克维尔】单螺杆式冷水机组培训.pdf,no,,
,离心机、螺杆机、风冷螺杆机组主要配置及功能表.doc,no,,
,麦克维尔(MAC230DR)风冷模块投标书.doc,no,,
,麦克维尔MAC风冷模块机组培训PPT.pdf,no,,
,麦克维尔MDS数码变容量多联机控制器功能介绍.ppt,no,,
,麦克维尔WHS单螺杆冷水机组简介.ppt,no,,
,麦克维尔中央空调人员培训手册.pdf,no,,
,麦克维尔中央空调技术交流课件.ppt,no,,
,麦克维尔产品施工特殊要求.doc,no,,
,麦克维尔单螺杆式冷水机组培训.pdf,no,,
,麦克维尔大容量风冷模块机组介绍.ppt,no,,
,麦克维尔户式风冷冷水(热泵)机组系统培训.ppt,no,,
,麦克维尔户式风冷冷水(热泵)机组系统培训84页.ppt,no,,
,麦克维尔水冷螺杆方案书(WHS).pdf,no,,
,麦克维尔空调技术规格及参数表.pdf,no,,
doc_d098d6214b36477c,【麦克维尔】AWS风冷机组操作维修手册-.pdf,yes,file_name,"text_quality,page_count,sample_text_chars_first_3_pages,inventory_source_path"
,【麦克维尔】CH0301水源热泵应用手册（78页）-.pdf,no,,
doc_74a804d829204d8f,【麦克维尔】MAC210 风冷模块机使用及安装手册（49页）-.pdf,yes,file_name,"text_quality,page_count,sample_text_chars_first_3_pages,inventory_source_path"
,【麦克维尔】MAC230DRSR保护功能手册.doc,no,,
,【麦克维尔】MAC230DRSR功能规格书（内部）-.pdf,no,,
doc_0706ecb530b24b82,【麦克维尔】MAC340-450大容量风冷模块机安装说明书-.pdf,yes,file_name,"text_quality,page_count,sample_text_chars_first_3_pages,inventory_source_path"
doc_e312bbfa86684629,【麦克维尔】MACD模块机组故障分析与排除技术手册（31页）-.pdf,yes,file_name,"text_quality,page_count,sample_text_chars_first_3_pages,inventory_source_path"
doc_eda7ec666fff4128,【麦克维尔】MAC机组_《故障代码及处理方法》手册-.pdf,yes,file_name,"text_quality,page_count,sample_text_chars_first_3_pages,inventory_source_path"
doc_e22c51b64a3749c6,【麦克维尔】MAC模块机应用技术手册（100页）-.pdf,yes,file_name,"text_quality,page_count,sample_text_chars_first_3_pages,inventory_source_path"
doc_a2d51d35aa45418b,【麦克维尔】MCOSKILL 控制器安装手册 适用MHS、MCS机组（54页）-制冷百家网.pdf,yes,file_name,"text_quality,page_count,sample_text_chars_first_3_pages,inventory_source_path"
,【麦克维尔】MCSMHS大型风冷螺杆冷水热泵机组手册.pdf,no,,
,【麦克维尔】MCZ_MHZ系列_涡旋式风冷冷水（热泵）机组样本.pdf,no,,
,【麦克维尔】MDS-BR410数码变容量多联机技术手册（35页）-.pdf,no,,
,【麦克维尔】MDS030-080DR5变频多联机技术手册.pdf,no,,
,【麦克维尔】MDS030-080DR5安装说明书（29页.pdf,no,,
,【麦克维尔】MDS030~120DR5使用说明书-.pdf,no,,
,【麦克维尔】MDS数码变容量多联机设计应用与安装手册（178页）-制冷百家网.pdf,no,,
,【麦克维尔】MHS大型风冷螺杆冷水热泵机组.pdf,no,,
,【麦克维尔】MHS系列风冷单螺式杆热泵机组样本.pdf,no,,
doc_c763de73db0b45f5,【麦克维尔】MS型半封闭单螺杆式压缩机维护手册（64页）-.pdf,yes,file_name,"text_quality,page_count,sample_text_chars_first_3_pages,inventory_source_path"
doc_7adc3a4af7e34b5f,【麦克维尔】MWH008～350C(R)水源热泵安装使用说明书（36页）-制冷百家网.pdf,yes,file_name,"text_quality,page_count,sample_text_chars_first_3_pages,inventory_source_path"
doc_7c4fca116fd3420a,【麦克维尔】PE、WS 系列进口离心机组操作维护手册（49页）-.pdf,yes,file_name,"text_quality,page_count,sample_text_chars_first_3_pages,inventory_source_path"
,【麦克维尔】PFS安装维护手册-.pdf,no,,
doc_8d7dfa5b1b7c445c,【麦克维尔】WMD单螺杆安装维护手册（63页）-.pdf,yes,file_name,"text_quality,page_count,sample_text_chars_first_3_pages,inventory_source_path"
doc_cade8d8ac44c4bd6,【麦克维尔】WSC WDC HSC HDC单／双压缩机离心式安装维护手册（49页）-制冷百家网.pdf,yes,file_name,"text_quality,page_count,sample_text_chars_first_3_pages,inventory_source_path"
doc_36640e9f378f4667,【麦克维尔】单、双压缩机离心式冷水机组安装维修手册.pdf,yes,file_name,"text_quality,page_count,sample_text_chars_first_3_pages,inventory_source_path"
,【麦克维尔】单螺杆冷水机运行操作培训手册-.pdf,no,,
,【麦克维尔】多联机组分户计费软件用户手册（53页）-制冷百家网.pdf,no,,
,【麦克维尔】家用直流变频多联机MDS-D技术手册（43页）-制冷百家网.pdf,no,,
,【麦克维尔】故障代码表.doc,no,,
,【麦克维尔】水源热泵应用手册（78页）-制冷百家网.pdf,no,,
,【麦克维尔】离心式冷水机组电气与控制手册（29页）.pdf,no,,
doc_fa41ab46ea8d4bd7,【麦克维尔】离心机技术资料合成本（95页）-制冷百家网.pdf,yes,file_name,"text_quality,page_count,sample_text_chars_first_3_pages,inventory_source_path"
doc_0c7b3998a63c499c,【麦克维尔】螺杆冷水机组维修保养手册-制冷百家网.pdf,yes,file_name,"text_quality,page_count,sample_text_chars_first_3_pages,inventory_source_path"
,【麦克维尔】螺杆机操作手册-制冷百家网.pdf,no,,
,（制冷百家）麦克威尔MDS-DR5商用变频多联机使用说明书-制冷百家网.pdf,no,,
doc_0cb31c660f19458b,（制冷百家）麦克维尔MAC模块机应用手册1-制冷百家网.pdf,yes,file_name,"text_quality,page_count,sample_text_chars_first_3_pages,inventory_source_path"
,（制冷百家）麦克维尔MAC模块机应用手册2-制冷百家网.pdf,no,,
,（制冷百家）麦克维尔MDS-BR410安装说明书-制冷百家网.pdf,no,,
,（制冷百家）麦克维尔MDS030~120DR5使用说明书-制冷百家网.pdf,no,,
,（制冷百家）麦克维尔MDS多联机设计应用与安装手册-制冷百家网.pdf,no,,
,（制冷百家）麦克维尔多联机安装说明书-制冷百家网.pdf,no,,
,麦克维尔世界.pdf,no,,
,01 麦克维尔离心式热泵机组 TSC、TDC.pdf,no,,
,02 麦克维尔单螺杆式水源热泵机组(R22) WPS.pdf,no,,
,03 麦克维尔单螺杆式水源热泵机组(R134a) WPS.pdf,no,,
,04 麦克维尔“锐锋”系列水-空气型水源热泵机组MWH-D、MWSC-D.pdf,no,,
,05 麦克维尔水-空气型水源热泵中央空调 MWSC、MWH、MWHX、MDS-W.PDF,no,,
,06 麦克维尔水水热泵机组 MWW.pdf,no,,
,07  麦克维尔模块式水冷冷水机组 WGZ.pdf,no,,
,01 麦克维尔自然冷却风冷螺杆冷水机组 MCSFC.pdf,no,,
,02 麦克维尔“开拓者”系列风冷单螺杆式热泵机组 MHS.pdf,no,,
,03 麦克维尔大型风冷单螺杆式冷水热泵机组 MCS-F、MHS-F.pdf,no,,
,04 麦克维尔大型风冷单螺杆式冷水热泵热回收机组 MCS-FSP、MHS-FSP、MHS-FSR.pdf,no,,
,05 麦克维尔户式中央空调 MAC.pdf,no,,
,06 麦克维尔超高效模块式风冷热泵机组 MAC-XE.pdf,no,,
,07 麦克维尔模块式风冷冷热水机组 MAC.pdf,no,,
,08 麦克维尔模块式变频风冷热泵机组 HEXAGON.pdf,no,,
,09 麦克维尔直流变频风冷模块机组 MAC-E.pdf,no,,
,10 麦克维尔模块式风冷冷水（热泵）机组综合样本 MAC.pdf,no,,
,11  麦克维尔超低温模块式空气源热泵热水机组 MHA.pdf,no,,
,12 麦克维尔模块式风冷冷热水机组（R22）MAC-D Plus系列.pdf,no,,
,13 麦克维尔模块式风冷冷热水机组（R410A）MAC-D Plus系列.pdf,no,,
,01 麦克维尔磁悬浮变频离心式冷水机组 WMC、WME.pdf,no,,
,02 麦克维尔离心式冷水机组 WSC、WDC、WCC.pdf,no,,
,03 麦克维尔单螺杆式冷水机组 PFS.pdf,no,,
,04 麦克维尔变频单螺杆式冷水机组 PFSV.pdf,no,,
,05 麦克维尔单螺杆式冷水机组 PFS.MJ.pdf,no,,
,06 麦克维尔单螺杆式冷水机组 PFS.XE.pdf,no,,
,07 麦克维尔单螺杆式冷水机组 WHS.B、HHS.B.pdf,no,,
,08 麦克维尔单螺杆式冷水机组 WHS.C.pdf,no,,
,09 麦克维尔单螺杆式冷水机组 WMD.pdf,no,,
,10 麦克维尔两级压缩离心式冷水机组 WTC.pdf,no,,
,11 麦克维尔单螺杆冷水机组（R134a） CUWD-B5Y系列.pdf,no,,
,12 麦克维尔单螺杆冷水机组（R134a）CUWD~B5Y-HR系列.pdf,no,,
,13 麦克维尔单螺杆热水机组(R134a) CUWD-HC系列.pdf,no,,
,01 麦克维尔变容量多联中央空调(R410A) MDS.pdf,no,,
,02 麦克维尔变容量多联中央空调 MDS-XE.pdf,no,,
,03 麦克维尔商用直流变频多联中央空调 MDS ECO.pdf,no,,
,04 麦克维尔家用直流变频多联中央空调 Carefree系列.pdf,no,,
,05 麦克维尔直流变频水冷多联机组 MDS-W.pdf,no,,
,01 风柜系统管理精简版方案和应用说明 ASMcompactECO.pdf,no,,
,02 风柜系统方案和应用说明 ASM ECO.pdf,no,,
,03 机房系统管理方案和应用说明 CSM ECO.pdf,no,,
,04 变风量系统管理方案和应用说明 VSM ECO.pdf,no,,
,05 机组远程管理方案和应用说明 CVMECO.pdf,no,,
,06 风机盘管系统管理方案和应用说明  FSMECO.pdf,no,,
,07 过滤器产品综合目录 AAF.pdf,no,,
,08 麦克维尔楼控产品综合目录.pdf,no,,
,09 麦克维尔阀与驱动器类产品技术手册.pdf,no,,
,10 麦克维尔温控器产品技术手册.pdf,no,,
,11 麦克维尔温控器及阀类产品.pdf,no,,
,12 麦克维尔冷水机房群控系统项目案例集.pdf,no,,
,13 麦克维尔空气净化器 PurAir400A.pdf,no,,
,01 麦克维尔风冷冷风、热泵型高静压管道式空调机 MDB-S.pdf,no,,
,02 麦克维尔风冷热泵型管道式空调机 MDB“M”系列.pdf,no,,
,03 麦克维尔风冷冷风、热泵型管道式空调机 MDB“V”系列.pdf,no,,
,04 麦克维尔暗装吊顶式家用、商用空调机组 MCC-V.pdf,no,,
,05 麦克维尔分体式商用空调机 MCK MCM.pdf,no,,
,06 麦克维尔分体式家用、商用中央空调 MCC.pdf,no,,
,07 麦克维尔屋顶式空调机组 MRT.pdf,no,,
,08 麦克维尔“旋风”系列水冷柜机 MWCP.pdf,no,,
,01 麦克维尔末端产品综合目录 FCU.pdf,no,,
,02 麦克维尔柜式空气处理机  MSW.pdf,no,,
,03 麦克维尔双壁柜式空气处理机 MDW.pdf,no,,
,04 麦克维尔卧式暗装风机盘 MCW.pdf,no,,
,05 麦克维尔卧式暗装风机盘管  MCW-V.pdf,no,,
,06 麦克维尔组合式空气处理机组 MDM-C.pdf,no,,
,07 麦克维尔高级净化型组合式空气处理机 MDM-XE.pdf,no,,
,08 麦克维尔洁净室用空气调节机组 MDX.pdf,no,,
,09 麦克维尔组合式空气处理机组 MDM-E.pdf,no,,
,10 麦克维尔直流无刷风机盘管 MCW-E.pdf,no,,
,11 麦克维尔组合式空气处理机组 MDM.pdf,no,,
,12 麦克维尔风量末端 MVA.pdf,no,,
,封套方案.jpg,no,,
,新碟面1.jpg,no,,
,麦克维尔MCW-V样本.pdf,no,,
,麦克维尔中央空调末端产品综合样本.pdf,no,,
,麦克维尔商用直流变频多联中央空调样本.pdf,no,,
,麦克维尔样本集.pdf,no,,
,麦克维尔空调技术规格及参数表.pdf,no,,
,006-KX4系统讲解（KX6基本相同）.ppt,no,,
,017三菱重工空调系统控制系统.ppt,no,,
,2014三菱重工中央空调产品篇.ppt,no,,
,KX6侧出风机组风扇马达防烧毁对策.pdf,no,,
,KXﾏﾙﾁ圧縮機故障原因＆対策中文【01Dec2011】.xls,no,,
,SN1301-KX6通过外机设定锁定运转模式的方法.pdf,no,,
,SN1302-FDUT~KX6容量设定的方法.pdf,no,,
,SN1303-E18故障处理方法.pdf,no,,
,SN1304-制冷内机风速自动提高的处理方法.pdf,no,,
,SN1305-SCM室内机高风量模式设定方法.pdf,no,,
,SN1306-KX6室内机超高档风速的屏蔽方法.pdf,no,,
,SN1307-中央控制器SL2N内存清零方法.pdf,no,,
,SN1308-K6mini新增E44故障代码.pdf,no,,
,SN1309-K6室外机主板更换注意.pdf,no,,
,SN1401-SPD511主板倾倒保护.pdf,no,,
,SN1402-TA.TB升降面板操作方法.pdf,no,,
,TN1201-KX系列热敏电阻特性汇总.pdf,no,,
,TN1202-KX系列2.2 及以上版本故障锁定解除方法.pdf,no,,
,TN1203-KX多联机压缩机频率上限表.pdf,no,,
,三菱MSZ系列变频空调机常见故障维修.ppt,no,,
,三菱重工 KX-B-KXZ05 安装 & 地址码设定.ppsm,no,,
,三菱重工 KXZ - 新功能.ppsm,no,,
,三菱重工 KXZ 全部变化细节.ppsm,no,,
,三菱重工 KXZ 冷媒系统.ppsm,no,,
,三菱重工 KXZ 售后用控制逻辑.ppsm,no,,
,三菱重工 MentePC和SLChecker.pptx,no,,
,三菱重工 产品阵容&特征.ppsm,no,,
,三菱重工家用中央空调内部培训教程(五大品牌家用中央空调解析).ppt,no,,
,三菱重工海尔中央空调KX4多联机技术资料.ppt,no,,
,三菱重工海尔中央空调KX系列维修技巧与实际案例分析.pdf,no,,
,三菱重工海尔中央空调技术资料.ppt,no,,
,三菱重工海尔维修技巧与实际案例分析.pdf,no,,
,变频检测仪使用方法.ppt,no,,
,售后维修指导书.ppt,no,,
,国产KX6-Q室外机整流电容配线错误对策.pdf,no,,
,控制部件及系统控制原理.ppt,no,,
,故障案例分享表模板.ppt,no,,
,故障案例分析.ppt,no,,
,维修.ppt,no,,
,【三菱重工】 KX6系列中央空调技术手册（361页）.pdf,no,,
,【三菱重工】 SCM 系列变频多联机数据手册（58页）.pdf,no,,
,【三菱重工】ETW离心高温水源热泵技术手册最新版（77页）.pdf,no,,
,【三菱重工】ETW离心高温水源热泵技术手册（73页）.pdf,no,,
,【三菱重工】FD-2 环保商用空调技术手册（272页）.pdf,no,,
,【三菱重工】FDC112-155KXEN6J零件爆炸图.pdf,no,,
,【三菱重工】FDT-KXE6DQ零件爆炸图-最终修改.pdf,no,,
,【三菱重工】FDUT-KXE6FQ零件爆炸图-最终修改.pdf,no,,
,【三菱重工】KX 系列空调施工监理指导手册（87页）.pdf,no,,
,【三菱重工】KX4 商用多联变频技术手册17版（464页）.pdf,no,,
,【三菱重工】KX6 商用中央空调 服务手册（364页）.pdf,no,,
,【三菱重工】KX6-Q系列中央空调样本手册.pdf,no,,
,【三菱重工】KX6mini 系列中央空调技术手册（348页）.pdf,no,,
,【三菱重工】MJA产品零件价格表（对外）.pdf,no,,
,【三菱重工】MJA定频商用机技术手册（94页）.pdf,no,,
,【三菱重工】RC-SAFAC1控制器说明书.pdf,no,,
,【三菱重工】RC-SAFAC2-3系列控制器说明书.pdf,no,,
,【三菱重工】SC-BGWN系统控制器技术手册（41页）.pdf,no,,
,【三菱重工】SCM-ZF-S 系列空调技术手册（126页）.pdf,no,,
,【三菱重工】SPA空气清新机工厂维修手册（68页）.pdf,no,,
doc_576787c42cc64301,【三菱重工】eco-touch 触摸线控器使用手册（60页）.pdf,yes,file_name,"text_quality,page_count,sample_text_chars_first_3_pages,inventory_source_path"
doc_3b167dc435cd4b52,【三菱重工】eco-touch 触摸线控器技术手册（47页）.pdf,yes,file_name,"text_quality,page_count,sample_text_chars_first_3_pages,inventory_source_path"
,【三菱重工】变频多联空调技术手册（138页）.pdf,no,,
,【三菱重工】变频风管机技术手册（84页）.pdf,no,,
,【三菱重工】商用空调技术服务手册（维修店版）.pdf,no,,
,【三菱重工】技术服务部服务手册（事务所版）.pdf,no,,
,【三菱重工】新超级链接系统控制器技术手册（50页）.pdf,no,,
doc_c3b1d28767304e3a,【三菱重工】线控器用户使用说明手册（20页）.pdf,yes,file_name,"text_quality,page_count,sample_text_chars_first_3_pages,inventory_source_path"
,【史上最全】、祝建军—应用案例分享.pptx,no,,
,【待学习】海尔中央空调基础知识培训2013.11.06.pptx,no,,
,【待学习】海尔磁悬浮冷水机组（2015-满液式，窄屏）.pptx,no,,
,三菱重工海尔中央空调技术资料.ppt,no,,
,海尔65C风冷模块机安装维修手册.docx,no,,
,海尔中央空调.PPT,no,,
,海尔中央空调KVR故障代码.doc,no,,
,海尔中央空调产品介绍.PPT,no,,
,海尔中央空调产品介绍.doc,no,,
,海尔中央空调水机常见案例汇总68页.pdf,no,,
,海尔变频空调维修培训PPT.ppt,no,,
,海尔户式水机培训资料.doc,no,,
,风冷模块式冷热水机组培训教材32页.pdf,no,,
doc_7bd4627282054736,【海尔 】GACG水( ( 地) ) 源热泵技术手册（89页）-制冷百家网.pdf,yes,file_name,"text_quality,page_count,sample_text_chars_first_3_pages,inventory_source_path"
,【海尔】65C风冷模块机安装维修手册（37页）-制冷百家网.pdf,no,,
,【海尔】ACG-水(地)源热泵技术手册-制冷百家网.pdf,no,,
doc_800f101e6596419c,【海尔】ACG水源热泵技术手册（89页）-制冷百家网.pdf,yes,file_name,"text_quality,page_count,sample_text_chars_first_3_pages,inventory_source_path"
,【海尔】KFR-35GW-11WDA22A变频空调使用安装说明书-制冷百家网.pdf,no,,
,【海尔】KMR-280W多联机技术手册（152页）-制冷百家网.pdf,no,,
,【海尔】KMR多联机维修手册170页-制冷百家网.pdf,no,,
,【海尔】KVR R410a直流变频家庭中央空调技术手册（74页）.doc,no,,
doc_a2a3013c1c504253,【海尔】LSBLG满液式水冷螺杆机组维修手册（82页）-制冷百家网.pdf,yes,file_name,"text_quality,page_count,sample_text_chars_first_3_pages,inventory_source_path"
doc_076c3ec5505f4395,【海尔】LSQWRF130C-318C风冷涡旋机组维修手册（28页）-制冷百家网.pdf,yes,file_name,"text_quality,page_count,sample_text_chars_first_3_pages,inventory_source_path"
doc_890a1463187b4da4,【海尔】LSQ系列风冷涡旋机组维修手册（32页）-制冷百家网.pdf,yes,file_name,"text_quality,page_count,sample_text_chars_first_3_pages,inventory_source_path"
,【海尔】MX4、MX6系列奥蕴多联机维修资料（65页）-制冷百家网.pdf,no,,
,【海尔】MX7 系列售后技术手册（137页）-制冷百家网.pdf,no,,
,【海尔】R410A直流变频多联机技术手册-制冷百家网.pdf,no,,
doc_73f432de87fa4968,【海尔】商用柜机KFR(d)-120LW】维修手册（29页）-制冷百家网.pdf,yes,file_name,"text_quality,page_count,sample_text_chars_first_3_pages,inventory_source_path"
,【海尔】奥蕴直流变频多联机技术资料（162页）-制冷百家网.pdf,no,,
,【海尔】家用2~16匹单元空调机技术手册（240页）-制冷百家网.pdf,no,,
,【海尔】水冷冷水螺杆机技术手册（26页）-制冷百家网.pdf,no,,
doc_af52e9d4d7a046c6,【海尔】满液式水冷螺杆机组维修手册(82页)-制冷百家网.pdf,yes,file_name,"text_quality,page_count,sample_text_chars_first_3_pages,inventory_source_path"
,【海尔】磁悬浮变频离心机组手册-制冷百家网.pdf,no,,
,【海尔】风冷冷水机组调试维护手册-制冷百家网.pdf,no,,
,【海尔】风冷模块式冷热水机组培训手册（32页）-制冷百家网.pdf,no,,
,（制冷百家）海尔 KMR 多联机维修手册（132页）-制冷百家网.pdf,no,,
,（制冷百家）海尔KMR-280W632A定频多联机技术资料-制冷百家网.pdf,no,,
,（制冷百家）海尔KMR-280W多联机技术资料1201-制冷百家网.pdf,no,,
,（制冷百家）海尔KMR多联机维修手册(最新)-制冷百家网.pdf,no,,
,（制冷百家）海尔KR-140(80)BP内部资料-制冷百家网.pdf,no,,
doc_3d2fd0b7b24e4949,（制冷百家）海尔KVR家庭中央空调R410A直流变频系列资料-制冷百家网.pdf,yes,file_name,"text_quality,page_count,sample_text_chars_first_3_pages,inventory_source_path"
,（制冷百家）海尔R410A多联机技术资料-制冷百家网.pdf,no,,
doc_804afd33494f4815,（制冷百家）海尔商用故障代码手册-制冷百家网.pdf,yes,file_name,"text_quality,page_count,sample_text_chars_first_3_pages,inventory_source_path"
,（制冷百家）海尔家用多联机故障维修手册-制冷百家网.pdf,no,,
,【美的】图解家庭中央空调与装饰搭配20110516.ppt,no,,
,中央空调多联产品系统常见故障.pdf,no,,
,商用热水机维修基础.pdf,no,,
,商用热水机维修基础培训教材.pdf,no,,
,空调制造工艺手册（美的空调内部资料）.doc,no,,
,美的410直流变频多联机故障分析-74页.pdf,no,,
,美的MDV4 多联中央空调原理及控制介绍67页.pdf,no,,
,美的MDV4多联机调试、检测及维修的指引.doc,no,,
,美的MDV系列中央空调多联机安装手册（130页）.doc,no,,
,美的V4第四代智能直流变频中央空调.ppt,no,,
,美的V4第四代直流变频中央空调解决方案.ppt,no,,
,美的中央空调2013多联产品系统常见故障15页.pdf,no,,
,美的中央空调各线控器、集控器介绍47页.pdf,no,,
,美的中央空调培训资料.ppt,no,,
,美的中央空调多联机安装手册-105页.pdf,no,,
,美的中央空调多联机安装手册.pdf,no,,
,美的中央空调工程设计培训资料.ppt,no,,
,美的中央空调经销商技术培训工程设计资料.ppt,no,,
,美的中央空调维修手册 1 1.pdf,no,,
,美的中央空调维修手册 1.pdf,no,,
,美的中央空调维修手册.pdf,no,,
,美的中央空调风冷模块安装标准图册.pdf..pdf,no,,
,美的商用热水机系统设计.ppt,no,,
,美的商用热水机维修基础培训教材60页.pdf,no,,
,美的多联机中央空调安装.ppt,no,,
,美的多联机工程安装质量问题案例PPT.pdf,no,,
,美的多联机工程安装质量问题案例手册.pdf,no,,
,美的大多联产品系统常见故障.pdf,no,,
,美的家庭中央空调工程安装.ppt,no,,
,美的家庭中央空调工程安装79页.ppt,no,,
,美的家用中央空调安装标准图册.pdf,no,,
,美的小型中央空调零部件介绍.ppt,no,,
,美的小型中央空调零部件介绍１.ppt,no,,
,美的新风机组技术手册-.doc,no,,
,美的热回收风冷模块控制原理及功能介绍.ppt,no,,
,美的热回收风冷模块控制原理及功能介绍38页.ppt,no,,
,美的热水机安装培训.ppt,no,,
,美的空调产品变频空调故障维修课件40页.ppt,no,,
,美的空调常见故障与安装基础知识.ppt,no,,
,美的风冷模块原理.ppt,no,,
,（制冷百家）美的MDV4 多联中央空调原理及控制介绍.pdf,no,,
,【美的】  V-D-H-M-U系列维修手册-制冷百家网.pdf,no,,
,【美的】 M-Home系列户式水机维修手册（12页）-制冷百家网.pdf,no,,
,【美的】 MDV_H_系列家庭中央空调维修手册（29页）-制冷百家网.pdf,no,,
,【美的】 MDV_H系列家庭中央空调维修手册（25页）-制冷百家网.pdf,no,,
,【美的】 中央空调智能管理系统技术手册（129页）-制冷百家网.pdf,no,,
,【美的】 商用系列空气能热泵热水机技术手册（130页）-制冷百家网.pdf,no,,
,【美的】 精密空调技术手册（96页）-制冷百家网.pdf,no,,
doc_2aabd61d98c8418f,【美的】 美的风冷模块机组LSQ技术手册（121页）-制冷百家网.pdf,yes,file_name,"text_quality,page_count,sample_text_chars_first_3_pages,inventory_source_path"
,【美的】 轻型商用空调技术手册 （272页）-制冷百家网.pdf,no,,
doc_33e129a572b44906,【美的】C系列干式螺杆冷水机组技术手册（44页）-制冷百家网.pdf,yes,file_name,"text_quality,page_count,sample_text_chars_first_3_pages,inventory_source_path"
,【美的】H系列中央空调维修手册（39页）-制冷百家网.pdf,no,,
doc_6c3f16bd03714515,【美的】LSQWRF风冷热泵模块机技术手册（121页）-制冷百家网.pdf,yes,file_name,"text_quality,page_count,sample_text_chars_first_3_pages,inventory_source_path"
,【美的】M-Home直流变频家庭中央空调技术手册（230页）-制冷百家网.pdf,no,,
,【美的】MA系列小型机房空调技术手册（36页）-制冷百家网.pdf,no,,
,【美的】MDV(H)系列家庭中央空调维修手册（28页）-制冷百家网.pdf,no,,
,【美的】MDV-X 直流变频智能多联中央空调技术手册（376页）-制冷百家网.pdf,no,,
doc_8b64c0ec06ae452b,【美的】MDV4+多联机故障代码及维修流程图手册（25页）-制冷百家网.pdf,yes,file_name,"text_quality,page_count,sample_text_chars_first_3_pages,inventory_source_path"
,【美的】MDV4+数码涡旋智能多联中央空调技术手册（267页）-制冷百家网.pdf,no,,
,【美的】MDV4+直流变频智能多联中央空调技术手册（354页）-制冷百家网.pdf,no,,
,【美的】MDVS直流变频水源热泵多联中央空调技术手册（228页）-制冷百家网.pdf,no,,
,【美的】MDV[V]系列室外机安装说明书（40页）-制冷百家网.pdf,no,,
,【美的】MDV智能多联集中空调维修手册（一）.pdf,no,,
,【美的】MDV智能多联集中空调维修手册（二）.pdf,no,,
,【美的】MDV直流变频三管制智能多联中央空调技术手册（229页）-制冷百家网.pdf,no,,
,【美的】MDV系列中央空调多联机安装手册（130页）-制冷百家网.pdf,no,,
,【美的】MDV系列商用中央空调技术设计手册（116页）-制冷百家网.pdf,no,,
,【美的】R22空气源螺杆式热泵（冷水）机组手册（34页）.doc,no,,
,【美的】V3系列第三代变频中央空调资料（114页）-制冷百家网.pdf,no,,
,【美的】中央空调多联机系统调试报告模板.doc,no,,
,【美的】中央空调故障代码表V系列（20页）.doc,no,,
doc_135f95a308ca4e18,【美的】商用空气能热泵热水机使用手册（58页）-制冷百家网.pdf,yes,file_name,"text_quality,page_count,sample_text_chars_first_3_pages,inventory_source_path"
,【美的】商用空气能热泵热水机技术手册(18年修订)（130页）-制冷百家网.pdf,no,,
doc_d5c1e2dc2df1420b,【美的】商用空气能热泵热水机技术手册（60页）-制冷百家网.pdf,yes,file_name,"text_quality,page_count,sample_text_chars_first_3_pages,inventory_source_path"
,【美的】多联机工程安装质量问题案例手册（104页）-制冷百家网.pdf,no,,
,【美的】天扬系列轻型商用空调维修手册（291页）-制冷百家网.pdf,no,,
,【美的】家用系列空气能热泵热水机技术手册（155页）-制冷百家网.pdf,no,,
,【美的】干式螺杆冷水机组技术手册.doc,no,,
,【美的】新风机组技术手册（49页）.doc,no,,
doc_7d9550955ab94718,【美的】水冷柜机 水环热泵技术手册（72页）-制冷百家网.pdf,yes,file_name,"text_quality,page_count,sample_text_chars_first_3_pages,inventory_source_path"
,【美的】热水机维修手册—线控器使用规格.doc,no,,
,【美的】直流变频空调器通用电控功能规格书（25页）.doc,no,,
doc_d7a4177686f94fc2,【美的】空气能热泵热水机安装使用维修手册(一)（44页）-制冷百家网.pdf,yes,file_name,"text_quality,page_count,sample_text_chars_first_3_pages,inventory_source_path"
doc_e7b2857068c943d7,【美的】空气能热泵热水机安装使用维修手册(二)（60页）-制冷百家网.pdf,yes,file_name,"text_quality,page_count,sample_text_chars_first_3_pages,inventory_source_path"
,【美的】第三代智能变频中央空调(室外机)安装说明书（18页）-制冷百家网.pdf,no,,
,【美的】风冷热泵、水冷柜机、水源热泵机组技术手册（184页）.doc,no,,
doc_92fe1e6200fe4f4d,【美的】风冷热泵模块机组技术手册 （C、G、H系列）148页-制冷百家网.pdf,yes,file_name,"text_quality,page_count,sample_text_chars_first_3_pages,inventory_source_path"
,【美的】风冷热泵模块机组技术手册（307页）-制冷百家网.pdf,no,,
doc_75f1a9bd6d484aa6,【美的】高温直热循环式热水机 RSJ 系列 技术手册（30页）-制冷百家网.pdf,yes,file_name,"text_quality,page_count,sample_text_chars_first_3_pages,inventory_source_path"
,科龙中央空调CRM系统使用的培训资料-刘妍.pptx,no,,
,科龙中央空调E S系列多联机产品培训.pptx,no,,
,科龙中央空调ES系列多联机调试培训-胡龙彬.ppt,no,,
,科龙中央空调中央空调系统设计-隋成.ppt,no,,
,科龙中央空调基础维修培训课件-胡龙彬 (1).ppt,no,,
,科龙中央空调基础维修培训课件-胡龙彬.ppt,no,,
,科龙中央空调安装培训课件-陈诚.pptx,no,,
,科龙中央空调安装施工培训课件-聂秀仕.pptx,no,,
,科龙中央空调验证码APP安装和操作流程-王勇.ppt,no,,
,科龙商用热水机培训资料(1).pptx,no,,
,科龙模块化风冷式冷热水机组介绍--隋成.ppt,no,,
,科龙空气能热泵热水器培训-马慧超.pptx,no,,
,科龙空调维修小课堂常见故障67例.docx,no,,
,【海信科龙】中央空安装使用说明书-KB05090744.pdf,no,,
,【海信科龙】中央空调10P嵌入机安装使用说明书.pdf,no,,
,【海信科龙】中央空调10P柜机安装使用说明书.pdf,no,,
,【海信科龙】中央空调A系列嵌入机安装使用说明书.pdf,no,,
,【海信科龙】中央空调A系列超薄风管机（22、25、28、32、36）安装使用说明书.pdf,no,,
,【海信科龙】中央空调D系列直流超薄风管机安装使用说明书.pdf,no,,
,【海信科龙】中央空调E系列单相电室外机（112和125）安装使用说明书.pdf,no,,
,【海信科龙】中央空调KFR-240LW05TDS使用安装说明书.pdf,no,,
,【海信科龙】中央空调KJ-C01集控器技术条件.pdf,no,,
,【海信科龙】中央空调N系列多联机室外机（90和100）使用安装说明书.pdf,no,,
,【海信科龙】中央空调S系列单相电室外机（125、140和160）安装使用说明书.pdf,no,,
,【海信科龙】中央空调地暖机样册设计PDF.pdf,no,,
,【海信科龙】中央空调安装使用说明书-KB05090742-B.pdf,no,,
,【海信科龙】中央空调嵌入机C系列72、125和H系列72、125机型使用安装说明书.pdf,no,,
,【海信科龙】中央空调总线中央空调控制接线大样.pdf,no,,
,【海信科龙】中央空调柜机H系列125和C系列125机型使用安装说明书.pdf,no,,
,【海信科龙】中央空调超薄风管机H系列25、35、50和C系列25、35、50、65机型使用安装说明书.pdf,no,,
,【海信科龙】中央空调超薄风管机H系列72和C系列75和标准静压、高静压风管机使用安装说明书.pdf,no,,
,【海信科龙】中央空调风冷模块冷水（热泵）机组手册设计 0105.pdf,no,,
,【海信科龙】风管机面板安装说明书.pdf,no,,
,【奥克斯】2014年度奥克斯空调技术小手册(正式版)横排-故障代码部分.doc,no,,
,【奥克斯】中央空调故障代码(模块机、多联机).pdf,no,,
,【奥克斯】中央空调故障代码小手册((2018版）.doc,no,,
,【奥克斯】中央空调故障代码小手册.doc,no,,
,【奥克斯】变频空调原理及故障分析-内部资料.pdf,no,,
,【奥克斯】多联机系列技术服务手册英文版.docx,no,,
,【奥克斯】空调温度探头阻值表.docx,no,,
,商用中央空调-日立-故障代码表.docx,no,,
,日立SET-FREE多联机系统调试培训109页.ppt,no,,
,日立中央空调故障点速查手册.pdf,no,,
,日立冷水机组操作维护.ppt,no,,
,日立多联机控制系统介绍-安装调试.ppt,no,,
,日立多联机控制系统介绍-安装调试54页.ppt,no,,
,日立多联机系统调试培训教材.ppt,no,,
,日立家用中央空调安装讲义（95页）.ppt,no,,
,日立空调SET-FREE_FSN安装规范.pdf,no,,
,日立空调产品介绍.ppt,no,,
,日立空调技术手册1 (1).pdf,no,,
,日立空调智能控制系统  38页.ppt,no,,
,日立风冷螺杆式冷水机组.ppt,no,,
,海信日立SET-FREE变频调试规程49页.ppt,no,,
,海信日立空调工程安装操作标准.pdf,no,,
,海信日立空调系统控制系统介绍.pdf,no,,
,海信日立系统调试培训教材.pdf,no,,
,【日立】CS-NET空调管理系统说明书（75页）.pdf,no,,
,【日立】FSG直流变频多联机技术手册（119页）.pdf,no,,
,【日立】KX系列气冷涡旋式冷冻机技术手册（52页）.pdf,no,,
doc_eb64ace12cb94a9a,【日立】RCU螺杆冷冻机组安装维护技术手册（48页）.pdf,yes,file_name,"text_quality,page_count,sample_text_chars_first_3_pages,inventory_source_path"
,【日立】RPI、RC系列空调技术手册（72页）.pdf,no,,
,【日立】中央空调故障点速查手册.pdf,no,,
,【日立】商用分体式空调器变频热泵空调安装及保养手册.pdf,no,,
,【日立】家用中央空调设计使用手册.pdf,no,,
doc_dfc98be7b26b4590,【日立】日立商用中央空调-故障代码表.pdf,yes,file_name,"text_quality,page_count,sample_text_chars_first_3_pages,inventory_source_path"
,【日立】日立多联机安装维修操作手册.pdf,no,,
,【日立】日立空调技术手册 (2).pdf,no,,
,【日立】日立空调技术手册.pdf,no,,
,【日立】水冷低温螺杆式冷水机组手册.pdf,no,,
,【日立】水冷式冷水机组安装、使用、维护说明书.pdf,no,,
,【日立】海信日立SFMINIFSVG系列技术实用手册2005版.pdf,no,,
,【日立】海信日立sf侧出风fsnmq技术手册200809版.pdf,no,,
,【日立】螺旋式冷冻机使用说明书兼技术服务手册(（82 页）.pdf,no,,
doc_af83f5144dc645da,【日立】风冷热泵H系列螺杆机组手册（49页）.pdf,yes,file_name,"text_quality,page_count,sample_text_chars_first_3_pages,inventory_source_path"
,【天加 】PAC2000恒温恒湿机控制器操作手册.pdf,no,,
,【天加 】中央空调组合式空气处理机组手册.pdf,no,,
,【天加 】数码中央空调样册.pdf,no,,
,【天加 】模块化风冷式冷(热)水机组D-安装操作手册.pdf,no,,
,【天加 】水冷螺杆式冷水机组操作使用说明书.doc,no,,
doc_9582a2d2585d4d95,【天加 】满液式水源螺杆热泵机组(用户手册)（46页）.pdf,yes,file_name,"text_quality,page_count,sample_text_chars_first_3_pages,inventory_source_path"
,【天加 】满液式水源螺杆热泵机组介绍手册（64页）.ppt,no,,
,【天加 】空调控制器使用说明.doc,no,,
,【天加 】空调故障代码汇总.doc,no,,
doc_0371153090604c09,【天加 】空调模块机组安装操作手册（22页）.pdf,yes,file_name,"text_quality,page_count,sample_text_chars_first_3_pages,inventory_source_path"
doc_a8258f8764a54269,【天加 】风冷净化空调机组安装操作手册.pdf,yes,file_name,"text_quality,page_count,sample_text_chars_first_3_pages,inventory_source_path"
,【天加】模块机功能规格书.doc,no,,
doc_5d9906fdabaa47dd,【天加】水冷螺杆式冷水机组操作使用说明书.3.pdf,yes,file_name,"text_quality,page_count,sample_text_chars_first_3_pages,inventory_source_path"
,【天加】水冷螺杆式冷水机组操作使用说明书.doc,no,,
,【天加】水冷螺杆机组--操作说明书(电气类).doc,no,,
,【天加】空调模块机组安装操作手册(标准板换型)（35页）.pdf,no,,
,【天加】螺杆冷水机组操作说明书(电气类触摸屏).doc,no,,
,【长虹】DMV-plus系列直流变频多联机组.pdf,no,,
,【长虹】单元式空调机组产品手册2016.pdf,no,,
,【长虹】商用热泵热水机组.pdf,no,,
,01.jpg,no,,
,02.jpg,no,,
,03.jpg,no,,
,04.jpg,no,,
,05.jpg,no,,
,06.jpg,no,,
,07.jpg,no,,
,08.jpg,no,,
,09.jpg,no,,
,10.jpg,no,,
,01.jpg,no,,
,02.jpg,no,,
,03.jpg,no,,
,04.jpg,no,,
,05.jpg,no,,
,06.jpg,no,,
,07.jpg,no,,
,08.jpg,no,,
,2013高静压风管机组1.jpg,no,,
,2013高静压风管机组2.jpg,no,,
,2013高静压风管机组3.jpg,no,,
,2013高静压风管机组4.jpg,no,,
,2013高静压风管机组5.jpg,no,,
,2013高静压风管机组6.jpg,no,,
,【志高】CMV290WBS新款B系列维修手册.doc,no,,
,【志高】CMV多联机安装手册.doc,no,,
,【志高】CMV多联机设计技术安装维修手册.pdf,no,,
,【志高】中央空调(2011模块机新产品介绍、安装维修培训资料).ppt,no,,
,【志高】中央空调CMV直流变频室外机安装说明书.pdf,no,,
,【志高】中央空调培训-模块机应用.ppt,no,,
,【志高】产品故障代码手册(第二版).doc,no,,
,【志高】志高模块机技术安装维修手册.pdf,no,,
,【志高】志高空调所有故障代码.pdf,no,,
,【志高】空调故障代码与维修指导手册（维修必备）231页.doc,no,,
,【志高】空调立柜机安装维修手册.pdf,no,,
,【志高】风冷冷热水模块机控制器说明书（内部）.pdf,no,,
,【志高】风冷热泵、模块机技术手册 （165页）.pdf,no,,
,【东芝】SMMS-i维修资料.pptx,no,,
,【东芝】SMMS安装技术要求.ppt,no,,
,【东芝】变频多联机MMS安装手册.pdf,no,,
,【东芝】多联机技术手册（东芝）.pdf,no,,
,【东芝】直流变速空调安装手册part1.pdf,no,,
,【盾安】产品手册2012.6.pdf,no,,
,【盾安】单元式空调机201201.pdf,no,,
,【盾安】卧式暗装风机盘管201206.pdf,no,,
,【盾安】工业冷水机组.pdf,no,,
,【盾安】工厂专用区域空调201301.pdf,no,,
,【盾安】柜式空气处理机组(LEG)201206.pdf,no,,
,【盾安】水冷式冷水机组201206.pdf,no,,
,【盾安】水地源热泵201206.pdf,no,,
,【盾安】洁净式分体屋顶机201206.pdf,no,,
,【盾安】环保型水冷螺杆201206.pdf,no,,
,【盾安】环保型水地源热泵机组201206.pdf,no,,
,【盾安】离心式冷水机组201206.pdf,no,,
,【盾安】降模式螺杆冷水201206.pdf,no,,
,【盾安】集约型空调201301.pdf,no,,
,【盾安】风冷涡旋201206.pdf,no,,
,【盾安】风冷螺杆201103.pdf,no,,
,【盾安】高静压风管送风式分体空调机组201201曲.pdf,no,,
,【顿汉布什】WCFX-R-螺杆式冷水机组操作说明书.pdf,no,,
,【顿汉布什】中央空调维修手册.pdf,no,,
,【顿汉布什】冷冻机说明书2012版.pdf,no,,
,【顿汉布什】螺杆式冷水机组.ppt,no,,
doc_1a61f6ee0b404da2,【顿汉布什】风冷螺杆冷水机组安装操作维修说明书.pdf,yes,file_name,"text_quality,page_count,sample_text_chars_first_3_pages,inventory_source_path"
doc_04497f02714a4819,【顿汉布什】风冷螺杆安装操作说明书.pdf,yes,file_name,"text_quality,page_count,sample_text_chars_first_3_pages,inventory_source_path"
,美意分体式水源热泵机组介绍.ppt,no,,
,莫问系列满液式水源热泵螺杆机组介绍20120126.pps,no,,
,青干系列水冷螺杆冷水机组产品介绍.pps,no,,
,【美意】分体式水源机组安装使用说明书（16页）.pdf,no,,
,【美意】分体式水源热泵机组介绍手册.pdf,no,,
,【美意】分体式水源热泵机组线控器说明书.pdf,no,,
,【美意】模块式水冷风冷冷热水机组LCD线控器使用说明书.doc,no,,
,【美意】水--水模块式水源热泵（冷水）机组安装使用说明书.pdf,no,,
,【美意】水-水模块式式水源热泵机组线控器说明书.pdf,no,,
,【美意】水水螺杆式水源热泵冷水机组满液134a青干系列手册.pdf,no,,
,【美意】莫问系列安装维护操作说明书（28页）.pdf,no,,
,-MFC-风机盘管样本2009-3-5.pdf,no,,
,-MPA-新风换气机2009-3-12(杨欣歌）.pdf,no,,
,-MSR-分离式水源热泵机组（F系列）2008-12-16（08第一版修）（杨欣歌）.pdf,no,,
,-MSR-整体式水源热泵(F系列)2009-3-3（杨欣歌）.pdf,no,,
,090507辰星二代水源螺杆R134a.pdf,no,,
,0910 XH3水水螺杆C.pdf,no,,
,09[1].10.26公司三折页yuki.pdf,no,,
,10.24水水满液式地源热泵机组R22 E系列P-MWH-1210-V1.1-P.pdf,no,,
,1600螺杆机.jpg,no,,
,4.23水水满液式地源热泵机组R22 E系列P-MWH-1304-V1.2-P.pdf,no,,
,Florida school1.pdf,no,,
,GB19577-2004冷水机组能效限定值及能源效率等级.pdf,no,,
,MAC035外形图.pdf,no,,
,MAH组合式空气处理机组.pdf,no,,
,MAH能量回收空气处理机组特点.doc,no,,
,MAS风冷螺杆样本.pdf,no,,
,MFC1103XH06-1风机盘管ok.pdf,no,,
,MPA新风换气机2009-2-25.pdf,no,,
,f1.jpg,no,,
,f10-11.jpg,no,,
,f12-13.jpg,no,,
,f14-15.jpg,no,,
,f16-17.jpg,no,,
,f18-19.jpg,no,,
,f2-3.jpg,no,,
,f20-21.jpg,no,,
,f22-23.jpg,no,,
,f24.jpg,no,,
,f4-5.jpg,no,,
,f6-7.jpg,no,,
,f8-9.jpg,no,,
,封面封反.jpg,no,,
,MSR-j大型整体式水源地源热泵.pdf,no,,
,MSR0910XJ03水源热泵整体式F.pdf,no,,
,MSR1007XJ04整体F.pdf,no,,
,MSR1202XM02水源热泵整体水-水式F系列.pdf,no,,
,2-3.jpg,no,,
,4-5(1).jpg,no,,
,6-7.jpg,no,,
,8-1.jpg,no,,
,Cover4-1.jpg,no,,
,复件 4-5.jpg,no,,
,复件 8-1.jpg,no,,
,MWH 105-840  (标准)07.6.15.doc,no,,
,MWH-X06-1三位一体.pdf,no,,
,MWH0910X02水水模块yuki.pdf,no,,
,MWH1109XH01水水螺杆冷水机组（C系列R22）.pdf,no,,
,MWH1109XH01水水螺杆式水源热泵机组（c系列R134a） 11.9.14-1.pdf,no,,
,P-MAC-1308-V1.5-Pmac模块式风冷热泵机组(雷霆系列).pdf,no,,
,WMH1103-x04-1水水模块.pdf,no,,
,XH13-水水式水源热泵机组 msr09-9.pdf,no,,
,XH4-风盘2009-10-12{yuki}.pdf,no,,
,XH5-风冷模块热泵机组超静音系列2009-9.pdf,no,,
,macX01模块式风冷热泵机组(雷霆系列).pdf,no,,
,1.jpg,no,,
,10-11.jpg,no,,
,12-13.jpg,no,,
,14-15.jpg,no,,
,16-17.jpg,no,,
,18.jpg,no,,
,2-3.jpg,no,,
,4-5.jpg,no,,
,6-7.jpg,no,,
,8-9.jpg,no,,
,fen mia.jpg,no,,
,p-msr-1210-v1.8-D水源热泵机组热回收热泵E系列.pdf,no,,
,p-mwh-1212-v1.1-d青干系列水水螺杆式水源热泵冷水机组满液134a青干系列.pdf,no,,
,p-mwh-1303-v1.1-p水水螺杆式水源热泵冷水机组满液134a青干系列.pdf,no,,
,三位一体xh04.pdf,no,,
,全热回收机组图.pdf,no,,
,分体式水源热泵机组配置表.pdf,no,,
,变频三位一体机组11.9.28.pdf,no,,
,小型水水1102-xh16-20110316.pdf,no,,
,小型水水XH14.pdf,no,,
,明装风机盘管性能参数.pdf,no,,
,1.jpg,no,,
,10.jpg,no,,
,11.jpg,no,,
,12.jpg,no,,
,2.jpg,no,,
,3.jpg,no,,
,4.jpg,no,,
,5.jpg,no,,
,6.jpg,no,,
,7.jpg,no,,
,8.jpg,no,,
,9.jpg,no,,
,标配风盘参数2012.2.10.pdf,no,,
,ProductMgmtResourceServlet.jpg,no,,
,分离式机组规格参数1.JPG,no,,
,分离式机组规格参数2.JPG,no,,
,分离式机组规格参数3.JPG,no,,
,分离式机组规格参数1.JPG,no,,
,分离式机组规格参数2.JPG,no,,
,分离式机组规格参数3.JPG,no,,
,小型水-水式-水环-水源地源热泵.JPG,no,,
,整体式(大)机组规格参数.JPG,no,,
,整体式(小)机组规格参数.JPG,no,,
,模块式风冷热泵机组技术表格.bmp,no,,
,风冷螺杆冷（热）水机组技术表格.jpg,no,,
,检测报告-090111110990-分离式水源热泵空调MSR-L016.PDF,no,,
,气相过滤在五星级酒店VOCs及异味控制方面的应用.pdf,no,,
,水-水模块式水源热泵MWH020CB机组配置表.pdf,no,,
,水-水模块式水源热泵MWH030CB机组配置表.pdf,no,,
,水-水模块式水源热泵机组介绍.pdf,no,,
,水-水模块式水源热泵机组介绍.ppt,no,,
,水冷螺杆式冷水机组满液r22E系列P-MSW-1310-V1.3-P.pdf,no,,
,10.10水冷螺杆式冷水机组满液r22E系列mswv0..pdf,no,,
,E系列水冷满液式螺杆冷水机组投标介绍.doc,no,,
,E系列满液式螺杆冷水机组介绍-对外.ppsx,no,,
,E系列满液式螺杆机组零部件清单-201209.doc,no,,
,E系列满液螺杆冷水机组R22系列样本v0.1.pdf,no,,
,E系列螺杆机组订单确认表1209.xlsx,no,,
,水水模块式水源热泵（冷水全热回收）机组C系列MWH1202x01-2.24.pdf,no,,
,水水模块式水源热泵（冷水）机组p-mwh1301-v1.7.p.pdf,no,,
,水水满液式地源热泵机组134a 1107XF02-1.pdf,no,,
,水水满液式地源热泵机组134a 2011.12.23.pdf,no,,
,水水满液式地源热泵机组R22 2011.12.23.pdf,no,,
,水水满液式地源热泵机组R22 E系列P-MWH-1310-V1.3-P.pdf,no,,
,水水满液式地源热泵机组R22_1107XF02-1.pdf,no,,
,0-01.jpg,no,,
,1-01.jpg,no,,
,10-01.jpg,no,,
,11-01.jpg,no,,
,12-01.jpg,no,,
,13-01.jpg,no,,
,14-01.jpg,no,,
,15-01.jpg,no,,
,16-01.jpg,no,,
,17-01.jpg,no,,
,18-01.jpg,no,,
,19-01.jpg,no,,
,2-01.jpg,no,,
,3-01.jpg,no,,
,4-01.jpg,no,,
,5-01.jpg,no,,
,6-01.jpg,no,,
,7-01.jpg,no,,
,8-01.jpg,no,,
,9-01.jpg,no,,
,封底-01.jpg,no,,
,水源热泵空调（分离式F系列）MSR1105_XH05-1-2011.6.17.pdf,no,,
,污水源热泵2012.1.12.1.pdf,no,,
,空气处理机组（超薄吊顶 青锋系列）p-MAH-V1.1-P.pdf,no,,
,美意变风量箱.pdf,no,,
,美意空气处理机组7.9-2ok OEM.pdf,no,,
,美意风旁通箱.jpg,no,,
,能量回收空气组.pdf,no,,
,莫问Unlearn系列R134a满液式螺杆机组零部件清单.doc,no,,
,莫问系列R134a满液式水水螺杆水源热泵冷水机组样本.pdf,no,,
,莫问系列水水螺杆市场指导201301.pdf,no,,
,莫问系列满液式螺杆机装箱清单.pdf,no,,
,超薄吊顶式空气处理机组MPAXH10.pdf,no,,
,超高效螺杆冷水热泵机组泰坦系列.pdf,no,,
,1.jpg,no,,
,10.jpg,no,,
,11.jpg,no,,
,12.jpg,no,,
,13.jpg,no,,
,14.jpg,no,,
,15.jpg,no,,
,16.jpg,no,,
,17.jpg,no,,
,18.jpg,no,,
,19.jpg,no,,
,2.jpg,no,,
,20.jpg,no,,
,21.jpg,no,,
,22.jpg,no,,
,23.jpg,no,,
,24.jpg,no,,
,25.jpg,no,,
,26.jpg,no,,
,27.jpg,no,,
,3.jpg,no,,
,4.jpg,no,,
,5.jpg,no,,
,6.jpg,no,,
,7.jpg,no,,
,8.jpg,no,,
,9.jpg,no,,
,Cover1.jpg,no,,
,Cover2.jpg,no,,
,通告（SH）-关于雷霆系列风冷模块的相关销售政策的通告-NO-010-20110331.pdf,no,,
,雷霆系列模块机组销售试行政策_A版0_.pdf,no,,
,青干 系列R134a水冷满液式螺杆冷水机组零部件清单2-20130114.pdf,no,,
,青干水水满液螺杆式水源热泵机组介绍.pdf,no,,
,青干系列R134a水冷满液式螺杆冷水机组零部件清单-1-20130114.pdf,no,,
,青干系列水冷满液式螺杆冷水机装箱单1.pdf,no,,
,青干系列水冷满液式螺杆冷水机装箱单2（供参考）.pdf,no,,
,风冷三位一体样本7.10-4.pdf,no,,
,风冷热泵变工况运行曲线080722.doc,no,,
,风冷热泵机组D系列7.10-4.pdf,no,,
,【志高】多联机设计技术安装维修手册256页.pdf,no,,
,【欧科】EKAC热回收风冷模块机组.ppt,no,,
,【欧科】EKAS系列-螺杆式风冷冷水(热泵)(含热回收)机组样本(1012版).pdf,no,,
,【欧科】模块化风冷冷水热泵机组报警代码和维修步骤.pdf,no,,
,【国祥】D型模块机操作用户手册-20RT30RT40RT（56页）.pdf,no,,
,【国祥】KMS模块机操作用户手册-20RT30RT40RT（56页）.pdf,no,,
,【国祥】干式双螺杆冷水机组.pdf,no,,
doc_1d0231208a244288,【国祥】模块机控制器规格书.pdf,yes,file_name,"text_quality,page_count,sample_text_chars_first_3_pages,inventory_source_path"
,【国祥】王牌KCA风冷式双螺杆热泵机组技术手册（28页）.pdf,no,,
,【国祥】王牌风冷式双螺杆热泵机组操作说明书（28页）.pdf,no,,
,【国祥】螺杆机控制界面.pdf,no,,
,【国祥】螺杆机控制界面用户手册.pdf,no,,
,【国祥】风冷管道机电气控操作说明(内部版)2013.pdf,no,,
,【富士通】AGQ 直流变频系列空调手册.pdf,no,,
,【富士通】AGQA25 直流变频系列空调手册.pdf,no,,
,【富士通】AGQ直流变频柜机技术手册.pdf,no,,
,【富士通】ASQG09LGCB 直流变频手册.pdf,no,,
,【富士通】ASQG09LMCB直流变频系列空调手册.pdf,no,,
,【富士通】ASQG09LMCD直流变频系列空调手册.pdf,no,,
,【富士通】ASQG09LPCA 直流变频手册.pdf,no,,
,【富士通】ASQG09LTCB直流变频挂壁空调手册.pdf,no,,
,【富士通】ASQG18 直流变频系列空调手册.pdf,no,,
,【富士通】ASQ直流变频系列空调手册.pdf,no,,
,【富士通】J系列家用中央空调.pdf,no,,
,【富士通】QSA直流变频系列空调手册.pdf,no,,
,【富士通】中央空调培训手册.ppt,no,,
,【富士通】分体式空调 LJ(Q)系列 使用说明书.pdf,no,,
,【富士通】分体式空调 LM(CC)系列 使用说明书.pdf,no,,
,【富士通】变频中央空调T系列技术手册.pdf,no,,
,【富士通】变频中央空调T系列技术手册2.pdf,no,,
,【富士通】空调故障代码大全.pdf,no,,
,【三菱电机】PUHY多联机维修手册（181页）.pdf,no,,
,【三菱电机】空调机维修手册.pdf,no,,
,【三菱电机】空调维修手册1.pdf,no,,
,【三洋 】ECO i维修手册.pdf,no,,
,【三洋 】ECO 多联机 技术手册.pdf,no,,
,【三洋 】空调故障代码分析及处理.pdf,no,,
,【三洋 】空调维修手册.pdf,no,,
,【三洋 】超省能ECO-i多联机.pdf,no,,
,ME模块机线控器使用说明.doc,no,,
,sanyo三洋空调故障代码分析及处理.pdf,no,,
,【TCL空调】中央空调维修手册.pdf,no,,
,【三菱电机】PUHY多联机维修手册（181页）.pdf,no,,
,【天加】水冷螺杆式冷水机组操作使用说明书.doc,no,,
,【松下 】C95KW维修手册（52页）.pdf,no,,
,【松下 】CG90KW维修手册（70页）.pdf,no,,
,【欧威尔】（airwell） 多联机 技术手册.pdf,no,,
,【欧科】模块化风冷冷水热泵机组报警代码和维修步骤.pdf,no,,
,【深圳金永光】冷水机组控制器 E5226维修手册 9页.pdf,no,,
,【深圳金永光】风冷冷热机组控制器 E5220维修手册 9页.pdf,no,,
,【深圳金永光】风冷管道机组控制器 E5221维修手册 10页.pdf,no,,
,【澳信】空气能热泵商用机技术手册2.0.pdf,no,,
,【申菱】SLV多联中央空调原理及控制介绍65页.pdf,no,,
,【美意】模块式水冷风冷冷热水机组LCD线控器使用说明书.doc,no,,
,【长虹】风冷模块100kw安装使用说明书(2010).doc,no,,
,三通（常州）双系统管道机技术规格书.doc,no,,
,扬子必威中央空调故障诊断表.doc,no,,
,热泵机组说明书内容(邦普500-600).doc,no,,
,贝莱特水源热泵中央空调保养说明书.doc,no,,
,邦普.厂家使用说明书.水冷模块机.V201B0-A.doc,no,,
,顿汉布什螺杆式冷水机组.ppt,no,,
doc_70438dea0acf4f84,顿汉布什风冷螺杆冷水机组安装操作维修说明书.pdf,yes,file_name,"text_quality,page_count,sample_text_chars_first_3_pages,inventory_source_path"
,高迪亞电子风冷冷( 热)空调操作手册.pdf,no,,
